location,num_postings,posting_ids,number_of_sweeps,geometry
Knight Street between Douglas Avenue and Gramercy Place,1,[ 2046 ],1,"LINESTRING (-122.1812895 37.7296625, -122.18224712603997 37.730051096115666, -122.1824102117256 37.730063039161614)"
105th Ave between Russet St & San Leandro St,1,[ 879 ],1,"LINESTRING (-122.17514052168463 37.73530599075267, -122.17479320957632 37.73545646231143)"
Railroad Ave between 85th Ave and Louisana St | Railroad Ave between Louisiana St and 85th Ave,3,[ 51 111 877],3,"LINESTRING (-122.1852795 37.7406871, -122.19082620261868 37.74553675286793)"
E 12th St between 22nd Ave and 23rd Ave,1,[ 546 ],1,"LINESTRING (-122.2387748 37.7836627, -122.23682285725972 37.78249873302764)"
Lake Merritt: Amphitheater/ 12th St between Lake Merritt Blvd and 11th St,1,[ 1241 ],1,"LINESTRING (-122.26186939671882 37.798995520264775, -122.26230902346214 37.799037205612855, -122.26287174569357 37.7992039467699, -122.26325861722768 37.79923173703724)"
Poplar St between 20th St and 21st St,2,[868 956],2,"LINESTRING (-122.2875384 37.8151348, -122.28771425069732 37.81460342589485)"
3902 Manila Ave/Manila between 38th & 40th St,6,[1813 1824 1828 1847 1953 2101],1,"LINESTRING (-122.25882724306824 37.82639188945718, -122.25780730902375 37.828023942284226)"
Bernhardt Dr between Islenton Ave and Kerwin Ave,1,[ 812 ],1,"LINESTRING (-122.1856275 37.7293025, -122.1852243 37.728843)"
Bernhardt Dr between Hunter Ave and Isleton Ave,1,[ 813 ],1,"LINESTRING (-122.1860406 37.7297683, -122.1856275 37.7293025)"
Bernhardt Dr between Ghormley Ave and Hunter Ave,1,[ 814 ],1,"LINESTRING (-122.1864457 37.7302342, -122.1860406 37.7297683)"
Bernhardt Dr between Foster Ave and Ghormley Ave,1,[ 815 ],1,"LINESTRING (-122.186853 37.7306913, -122.1864457 37.7302342)"
Bernhardt Dr between Saint Elmo Dr and Foster Ave,1,[ 816 ],1,"LINESTRING (-122.186848152496 37.730697418663645, -122.18693844336228 37.73079915488634, -122.18697628944129 37.730945182920784, -122.18692667303277 37.73128051048886, -122.18677394376714 37.732110126483256)"
Moorpark St between Pippin St and Russet St,1,[ 2162 ],1,"LINESTRING (-122.1731836 37.7325776, -122.172551 37.733039)"
Coral Rd between Tunist Rd & Sextus Rd,1,[ 1175 ],1,"LINESTRING (-122.19077463811513 37.73328254839513, -122.19049549689086 37.73294113109766, -122.19046803050266 37.73273631968695, -122.19053561838969 37.732375732130286)"
Coral Rd between Cairo Rd & Sextus Rd,1,[ 1176 ],1,"LINESTRING (-122.1913279 37.7339157, -122.1907766 37.7332841)"
Russet St between 107th and Moorpark St,1,[ 2165 ],1,"LINESTRING (-122.1739563 37.7342672, -122.172551 37.733039)"
Cary Ave between Hale Ave and Edes Ave,1,[ 1544 ],1,"LINESTRING (-122.1795431 37.7343794, -122.1796621647829 37.73401761740032, -122.17980376378438 37.733726989010506, -122.1801881039312 37.73316439319789, -122.1807844 37.7332617)"
Pearmain St between Gravenstein St and 105th Ave,1,[ 68 ],1,"LINESTRING (-122.176614 37.7345476, -122.1769025 37.7347994)"
San Leandro St between 106th Ave and 107th Ave,2,[ 880 1301],2,"LINESTRING (-122.1739655 37.7350317, -122.17338 37.7345431)"
Pearmain St between Apple St and Gravenstein St,1,[ 69 ],1,"LINESTRING (-122.1774487 37.7352838, -122.1769025 37.7347994)"
Pearmain St between Tartarian St and Apple St,1,[ 70 ],1,"LINESTRING (-122.1774487 37.7352838, -122.1780064 37.7357681)"
Russet St between 105th Ave and 107th Ave,1,[ 2164 ],1,"LINESTRING (-122.1750922 37.7353454, -122.1739563 37.7342672)"
San Leandro St between 105th Ave and 106th Ave,3,[ 881 1302 1635],3,"LINESTRING (-122.17455637780849 37.73554531309115, -122.1739655 37.7350317)"
San Leandro St between Apple St and 105th Ave,2,[1229 1303],2,"LINESTRING (-122.1750922 37.7353454, -122.1762348 37.7361639)"
San Leandro St between Stone St and Apple St,2,[1228 1304],2,"LINESTRING (-122.1762348 37.7361639, -122.1773696 37.7371285)"
Pearmain St between Stone St and Tartarian St,1,[ 71 ],1,"LINESTRING (-122.1785726 37.7362568, -122.1780064 37.7357681)"
Stone St between Pippin St and Pearmain St,1,[ 65 ],1,"LINESTRING (-122.1785726 37.7362568, -122.1779313 37.7367201)"
Edes Ave between 98th Ave and Douglas Ave: 9910 Edes,3,[1478 1545 2019],3,"LINESTRING (-122.183309 37.7364457, -122.18138875576197 37.73591281258266, -122.1808385501162 37.73550202940835)"
98th Ave between Edes Ave and Walter Ave,1,[ 79 ],1,"LINESTRING (-122.183309 37.7364457, -122.1826762 37.7369864)"
Stone St between San Leandro St and Pippin St,1,[ 66 ],1,"LINESTRING (-122.1779313 37.7367201, -122.1773696 37.7371285)"
Pearmain St between Douglas Ave and Stone St,1,[ 72 ],1,"LINESTRING (-122.1791312 37.7367449, -122.1785726 37.7362568)"
Walter Ave between Nevada St and 98th Ave,2,[  53 1873],2,"LINESTRING (-122.1826762 37.7369864, -122.1834082 37.7376248)"
E St between 104th Ave & 105th Ave,1,[ 1148 ],1,"LINESTRING (-122.173181 37.73705959999999, -122.1727173 37.7364631)"
Pearmain St between Douglas Ave and 100th Ave | Pearmain St between 100th Ave and Douglas Ave,3,[  73 1862 1863],2,"LINESTRING (-122.1796874 37.7372321, -122.1791312 37.7367449)"
100th Ave between Pippin St and Pearmain St,1,[ 63 ],1,"LINESTRING (-122.1796874 37.7372321, -122.1790479 37.7376947)"
Pearmain St between 100th Ave and Prune St,1,[ 74 ],1,"LINESTRING (-122.1796874 37.7372321, -122.180257 37.7377288)"
Clara St between Edes & Oscar Ave,1,[ 1165 ],1,"LINESTRING (-122.1875102 37.7375828, -122.18737743447524 37.73804829982865, -122.1863802 37.7387839)"
Walter Ave between Tyler St and Nevada St,2,[  52 1872],2,"LINESTRING (-122.1834082 37.7376248, -122.1841067 37.738234)"
E St between 103rd Ave and 104th Ave,1,[ 1149 ],1,"LINESTRING (-122.1736252 37.7376387, -122.173181 37.73705959999999)"
98th Ave between Walter Ave and Railroad Ave,1,[ 78 ],1,"LINESTRING (-122.1818052 37.737662, -122.1826762 37.7369864)"
Railroad Ave between Nevada St and 98th Ave,3,[  46  106 1640],3,"LINESTRING (-122.1818052 37.737662, -122.1825084 37.7382765)"
Pippin St between 100th Ave and Stone St,1,[ 55 ],1,"LINESTRING (-122.1790479 37.7376947, -122.1779313 37.7367201)"
100th Ave between San Leandro St and Pippin St,1,[ 64 ],1,"LINESTRING (-122.1790479 37.7376947, -122.1784411 37.7381319)"
Pippin St between Prune St and 100th Ave,1,[ 56 ],1,"LINESTRING (-122.1790479 37.7376947, -122.1796169 37.738193)"
Prune St between Pippin St and Pearmain St,1,[ 61 ],1,"LINESTRING (-122.180257 37.7377288, -122.1796169 37.738193)"
San Leandro St between 100th Ave and Stone St,2,[  58 1227],2,"LINESTRING (-122.1784411 37.7381319, -122.1775839213537 37.73742845916529, -122.17753894908896 37.737309908600096, -122.1773696 37.7371285)"
San Leandro St between Prune St and 100th Ave,2,[  59 1226],2,"LINESTRING (-122.1784411 37.7381319, -122.1790333 37.738614)"
Prune St between San Leandro St and Pippin St,1,[ 62 ],1,"LINESTRING (-122.1796169 37.738193, -122.1790333 37.738614)"
Nevada St between Railroad Ave and Walter Ave,1,[ 54 ],1,"LINESTRING (-122.1825084 37.7382765, -122.1834082 37.7376248)"
Railroad Ave between Tyler St and Nevada St,2,[ 47 107],2,"LINESTRING (-122.1825084 37.7382765, -122.1832035 37.7388816)"
Pearmain St between 98th Ave and Prune St,1,[ 75 ],1,"LINESTRING (-122.1809469 37.7383233, -122.180257 37.7377288)"
E St between 102nd and 103rd Ave,1,[ 1150 ],1,"LINESTRING (-122.17423 37.7384181, -122.17392414386381 37.738052675657826, -122.1736252 37.7376387)"
International Blvd between 106th Ave and 107th Ave,3,[1223 1232 1270],3,"LINESTRING (-122.1663301 37.7386073, -122.1659024 37.7380362)"
Pippin St between 98th Ave and Prune St,1,[ 57 ],1,"LINESTRING (-122.1802662 37.7387516, -122.1796169 37.738193)"
Walter Ave between S Elmhurst Ave and Tyler St,1,[ 1871 ],1,"LINESTRING (-122.1847822 37.73882529999999, -122.1841067 37.738234)"
Tyler st between Railroad Ave and Walter Ave,1,[ 77 ],1,"LINESTRING (-122.1832035 37.7388816, -122.1841067 37.738234)"
E St between 101st Ave and 102nd Ave,2,[1151 1230],2,"LINESTRING (-122.1747656 37.7389952, -122.17423 37.7384181)"
San Leandro St between 98th Ave and Prune St,2,[  60 1225],2,"LINESTRING (-122.1797471 37.739198, -122.1790333 37.738614)"
International Blvd between 105th Ave and 106th Ave,3,[1224 1233 1269],3,"LINESTRING (-122.16678046084598 37.73921988965652, -122.1663301 37.7386073)"
Walter Ave between Clara St and S Elmhurst Ave,1,[ 1870 ],1,"LINESTRING (-122.1854754 37.7394348, -122.1847822 37.73882529999999)"
Walter Ave between Louisiana St and Clara St,1,[ 1869 ],1,"LINESTRING (-122.1854754 37.7394348, -122.1861887 37.7400471)"
Railroad Ave between S Elmurst Ave and Tyler St,2,[ 48 108],2,"LINESTRING (-122.1838809 37.739472, -122.1832035 37.7388816)"
E St between 100th Ave and 101st Ave,2,[1152 1231],2,"LINESTRING (-122.1753335 37.7396017, -122.1747656 37.7389952)"
Railroad Ave between Clara St and S Elmurst Ave,2,[ 49 109],2,"LINESTRING (-122.1845781 37.7400791, -122.1838809 37.739472)"
Railroad Ave between Louisana St and Clara St,2,[ 50 110],2,"LINESTRING (-122.1845781 37.7400791, -122.1852795 37.7406871)"
MacArthur Blvd between Talbot Ave and 106th Ave,1,[ 114 ],1,"LINESTRING (-122.1525024 37.7429692, -122.1529159 37.7433898)"
Foothill Blvd between 108th Ave and Durant Ave,1,[ 100 ],1,"LINESTRING (-122.1472784 37.743237, -122.14705467791278 37.743080178802025, -122.1465271 37.7424824)"
B St between 97th Ave and 98th,1,[ 1322 ],1,"LINESTRING (-122.174434 37.7434917, -122.1739076 37.7427774)"
Talbot Ave between MacArthur Blvd and Fisher Ave,1,[ 101 ],1,"LINESTRING (-122.1517661 37.744103, -122.1529159 37.7433898)"
Talbot Ave between Fisher Ave and Foothill Blvd,1,[ 102 ],1,"LINESTRING (-122.1517661 37.744103, -122.1501876 37.7450458)"
MacArthur Blvd between Fisher Ave & Talbot Ave,1,[ 115 ],1,"LINESTRING (-122.153656 37.7441324, -122.1529159 37.7433898)"
MacArthur Blvd between Foothill Blvd & Fisher Ave,1,[ 116 ],1,"LINESTRING (-122.153656 37.7441324, -122.15420981738183 37.744583278214975, -122.15485560687392 37.74497042600305, -122.15514 37.74521)"
Fisher Ave between Frazier Ave and Talbot Ave,1,[ 105 ],1,"LINESTRING (-122.1528233 37.7443633, -122.15203951887648 37.74432897159297, -122.15196522003983 37.74429609854497, -122.1517661 37.744103)"
Fisher Ave between MacArthur Blvd and Frazier Ave,1,[ 104 ],1,"LINESTRING (-122.1528233 37.7443633, -122.15324169615292 37.744357144998254, -122.153656 37.7441324)"
Frazier Ave between Fisher Ave and Foothill Blvd,1,[ 103 ],1,"LINESTRING (-122.1528233 37.7443633, -122.15279359185722 37.74511388386531)"
Foothill Blvd between Talbot Ave and 106th Ave,1,[ 98 ],1,"LINESTRING (-122.14958495092915 37.74465416394315, -122.1501876 37.7450458)"
96th Ave between A St and International Blvd,1,[ 1904 ],1,"LINESTRING (-122.1732991 37.7449811, -122.1716319 37.7457505)"
International Blvd between 96th Ave and 97th Ave,6,[1696 1717 1905 1946 2056 2131],6,"LINESTRING (-122.1716319 37.7457505, -122.1710802 37.7450635)"
E St between 91st Ave and 92nd Ave,1,[ 1560 ],1,"LINESTRING (-122.1804152 37.7462398, -122.1798969 37.7456038)"
91st Ave between International Blvd & A St,1,[ 1127 ],1,"LINESTRING (-122.1758998 37.7483516, -122.1741605 37.7491628)"
90th Ave between International Blvd & A St,1,[ 1128 ],1,"LINESTRING (-122.1763889 37.7490084, -122.1746566 37.749817)"
International Blvd between 90th Ave and 91st Ave,1,[ 1122 ],1,"LINESTRING (-122.1746566 37.749817, -122.1741605 37.7491628)"
International Blvd between 89th Ave and 90th Ave,1,[ 1123 ],1,"LINESTRING (-122.17506736672186 37.75049627075877, -122.17442863468231 37.749638648149784)"
International Blvd between 88th Ave and 89th Ave,1,[ 1124 ],1,"LINESTRING (-122.1755541457447 37.75115633558727, -122.17496034904723 37.750332924396304)"
89th Ave between International Blvd & Holly St,1,[ 1129 ],1,"LINESTRING (-122.1733223 37.751099, -122.1748903 37.7503719)"
International Blvd between 87th Ave and 88th Ave,1,[ 1125 ],1,"LINESTRING (-122.1760219120395 37.75180999326574, -122.17546639245055 37.75102761396565)"
86th Ave between International Blvd & A St,5,[ 529  586  598  647 1131],2,"LINESTRING (-122.1784089 37.75173059999999, -122.17668461398654 37.75253739941244)"
88th Ave between Holly St and International Blvd (Elmhurst Library),1,[ 1139 ],1,"LINESTRING (-122.1738307 37.7517841, -122.17538379592256 37.75105339509884)"
87th Ave between Holly St and International Blvd,1,[ 295 ],1,"LINESTRING (-122.1743049 37.7524192, -122.1758456 37.75169169999999)"
A St between 85th Ave and 86th Ave,4,[530 587 599 648],1,"LINESTRING (-122.1789706 37.7524852, -122.1784089 37.75173059999999)"
85th Ave between International Blvd & A St,5,[ 528  585  597  646 1132],2,"LINESTRING (-122.1789706 37.7524852, -122.1770832 37.7533636)"
International Blvd between 86th Ave and 87th Ave,1,[ 1126 ],1,"LINESTRING (-122.1767427 37.7529036, -122.1758456 37.75169169999999)"
Auseon Ave between International Blvd & Holly St,1,[ 1130 ],1,"LINESTRING (-122.1747411 37.753009, -122.1762868 37.7522877)"
84th Ave between International Blvd & A St,1,[ 1133 ],1,"LINESTRING (-122.1795323 37.7532475, -122.1777884 37.7540536)"
International Blvd between 85th Ave and 86th Ave,7,[ 531  588  600  649  756 1119 1140],4,"LINESTRING (-122.1773088413078 37.75365454829348, -122.1767427 37.7529036)"
88th Ave between Birch St and Plymouth St,1,[ 233 ],1,"LINESTRING (-122.1703655 37.7533897, -122.1721002 37.7525882)"
75th Ave between Snell St & Hawley St,1,[ 1009 ],1,"LINESTRING (-122.1932923 37.7535549, -122.1949468 37.7524883)"
86th Ave between International and Holly St,1,[ 294 ],1,"LINESTRING (-122.175196 37.753626, -122.1767427 37.7529036)"
International Blvd between 84th Ave and 85th Ave,3,[ 757 1120 1141],3,"LINESTRING (-122.17794931826576 37.75438407167834, -122.17718560221438 37.753281839013205)"
85th Ave between Holly St and International Blvd,1,[ 293 ],1,"LINESTRING (-122.1757656 37.7543944, -122.17731105591312 37.753663246111074)"
73rd Ave between Hawley St and Spencer St,1,[ 412 ],1,"LINESTRING (-122.1943309587719 37.7546117467687, -122.1925704 37.7557447)"
International Blvd between 83rd Ave and 84th Ave,3,[ 758 1121 1142],3,"LINESTRING (-122.17858342705303 37.75514865697583, -122.17828615650822 37.75490727199073, -122.17775589013098 37.75407829913765)"
Hawley St between 72nd Ave and 73rd Ave | Hawley St between 72nd Ave & 73rd Ave,2,[ 410 1059],2,"LINESTRING (-122.19488717593453 37.75512732700492, -122.1943494728587 37.7546133833988)"
84th Ave between Holly St and International Blvd,1,[ 292 ],1,"LINESTRING (-122.17633408730335 37.75514522169757, -122.17787202791828 37.754445983420595)"
International Blvd between 82nd ave and 83rd ave,1,[ 759 ],1,"LINESTRING (-122.17955831736515 37.75561581744364, -122.17857442900588 37.755137113603084, -122.17826469211383 37.754888855771895)"
Hawley St between 71st Ave and 72nd Ave,1,[ 411 ],1,"LINESTRING (-122.1954138 37.7556523, -122.1948793 37.7551211)"
83rd Ave between Holly St and International Blvd,1,[ 291 ],1,"LINESTRING (-122.1769062 37.7559331, -122.17851686581311 37.7551739067502)"
Hamilton St between 73rd Ave and Hegenberger Rd,1,[ 918 ],1,"LINESTRING (-122.1907922 37.7568881, -122.1901579 37.7562635)"
Hamilton St between 72nd Ave and 73rd Ave,1,[ 919 ],1,"LINESTRING (-122.191328 37.7574101, -122.1907922 37.7568881)"
Hamilton St between 71st Ave and 72nd Ave,1,[ 920 ],1,"LINESTRING (-122.1918621 37.757932, -122.191328 37.7574101)"
Hamilton St between 70th Ave and 71st Ave,1,[ 921 ],1,"LINESTRING (-122.1923944 37.7584576, -122.1918621 37.757932)"
Hamilton St between 69th Ave and 70th Ave,1,[ 922 ],1,"LINESTRING (-122.1929238 37.7589803, -122.1923944 37.7584576)"
84th Ave between 83rd ave and Dowling St,1,[ 1426 ],1,"LINESTRING (-122.16632706228876 37.75983189563265, -122.167555 37.7592708)"
Dowling St between 83rd Ave and 84th Ave,1,[ 1425 ],1,"LINESTRING (-122.1681225 37.7600415, -122.167555 37.7592708)"
83rd Ave between 84th Ave & 83rd Ave | 83rd Ave between 84th Ave and 83rd Ave,2,[1427 2177],2,"LINESTRING (-122.16684637897492 37.76063334468134, -122.16676400633798 37.76063848587786, -122.1666407156631 37.76059648968833, -122.16634546894356 37.75984247757658)"
83rd Ave between Dowling St and 83rd Ave,2,[1428 2176],2,"LINESTRING (-122.16678526216515 37.76064377636447, -122.1681225 37.7600415)"
54th Ave between San Leandro St and E 8th St,2,[1448 1604],2,"LINESTRING (-122.2104356 37.7636855, -122.2096529 37.7643037)"
53rd Ave between E 8th St and San Leandro St,1,[ 1447 ],1,"LINESTRING (-122.2110522 37.7641929, -122.2102597 37.7648105)"
San Leandro St between 53rd Ave and 54th Ave,2,[1446 1605],2,"LINESTRING (-122.2102597 37.7648105, -122.2096529 37.7643037)"
Bancroft Ave between 74th Ave and 75th Ave,2,[1061 1117],2,"LINESTRING (-122.1760027 37.7656443, -122.17549890881044 37.76515464968394)"
Bancroft Ave between 73rd Ave and 74th Ave,3,[1062 1118 1291],3,"LINESTRING (-122.1765436293045 37.766182893907725, -122.1760027 37.7656443)"
50th Ave between E 12th St & San Leandro St,3,[435 463 490],1,"LINESTRING (-122.2106631 37.7676667, -122.2121224 37.7663816)"
Alameda Avenue between High St and E 8th St,2,[1931 2075],2,"LINESTRING (-122.2213978 37.7681387, -122.22104592201238 37.76807030513358, -122.22080477160117 37.768066305933246, -122.22068 37.768)"
Alameda Avenue between Oakport St and  E 8th St,7,[ 936 1313 1383 1388 1396 1444 1467],6,"LINESTRING (-122.2213978 37.7681387, -122.22103891795373 37.76806644126808, -122.22080034704634 37.76806644126808, -122.22064597763567 37.768001729168404)"
Alameda Avenue between E 8th St and Howard St,8,[ 937 1314 1443 1466 1690 1773 2074 2196],8,"LINESTRING (-122.2213978 37.7681387, -122.2224762 37.768139)"
E. 12th St between 49th Ave and 50th Ave,3,[438 466 493],1,"LINESTRING (-122.211366 37.7682385, -122.2106631 37.7676667)"
High St between Oakport St and Coliseum Way,1,[ 1536 ],1,"LINESTRING (-122.219968 37.76851180000001, -122.2206201 37.7680065)"
E. 12th St between 48th Ave and 49th Ave,3,[439 467 494],1,"LINESTRING (-122.2120094 37.7687813, -122.211366 37.7682385)"
Bancroft Blvd between 67th Ave and 68th Ave,4,[ 123  914 1198 1212],4,"LINESTRING (-122.1805676 37.7692384, -122.18003545253359 37.768722023612106)"
67th Ave between Foothill Blvd and Bancroft Ave,4,[ 121  912 1195 1209],4,"LINESTRING (-122.1805676 37.7692384, -122.17982210156772 37.76972705826143, -122.17967058133344 37.76995843857032, -122.1796452 37.7701334)"
47th Ave between E.12th and San Leandro St,5,[ 450  479  505 1285 1552],3,"LINESTRING (-122.2126958 37.7693561, -122.2142213 37.7682105)"
E. 12th St between 47th Ave and 48th Ave | E 12th St between 47th Ave and 48th Ave,6,[ 440  468  495 1282 1672 1820],4,"LINESTRING (-122.2126958 37.7693561, -122.2120094 37.7687813)"
47th Avenue between East 12th & International Blvd,5,[ 451  506 1284 1589 1949],4,"LINESTRING (-122.2126958 37.7693561, -122.2111374 37.7705346)"
E. 12th St between 46th Ave and 47th Ave | E 12th St between 46th Ave and 47th Ave,9,[ 441  469  496 1283 1554 1587 1671 1798 1821],7,"LINESTRING (-122.2134168 37.7699554, -122.2126958 37.7693561)"
46th Ave between International and E12 Street,5,[ 455  483  510 1590 1669],3,"LINESTRING (-122.21342797075945 37.7699554, -122.2123953900624 37.77071738283165, -122.21214516505113 37.77081981226371, -122.21177677075946 37.7708227)"
48th Street between International Boulevard and San Leandro Street,3,[437 465 492],1,"LINESTRING (-122.21017110419524 37.7701674723883, -122.21197861643566 37.7687711402516)"
Foothill Blvd between 67th Avenue and 68th Avenue | City Lot - Foothill Blvd between 67th Avenue and 68th Avenue,6,[ 122  913 1197 1211 2027 2028],5,"LINESTRING (-122.1796452 37.7701334, -122.1774401 37.7698448)"
Wattling St between 42nd Ave and High St,4,[1476 1555 1685 1867],4,"LINESTRING (-122.21931107589967 37.770432671705144, -122.2181701 37.7698668)"
45th between E 12th St and San Leandro,3,[448 476 503],1,"LINESTRING (-122.2141279 37.7705512, -122.2156539 37.7694026)"
E. 12th St between 45th Ave and 46th Ave | E 12th St between 45th Ave and 46th Ave,6,[ 442  470  497 1588 1670 1797],4,"LINESTRING (-122.2141279 37.7705512, -122.2134168 37.7699554)"
45th Ave between International and E12 Street,8,[ 449  477  504 1591 1668 1986 1991 2081],6,"LINESTRING (-122.2141279 37.7705512, -122.2129964 37.7714048)"
High St between Wattling St and San Leandro St,1,[ 1868 ],1,"LINESTRING (-122.2171564 37.77062919999999, -122.2181701 37.7698668)"
Bancroft Way between 46th Ave & 47th Ave,1,[ 1180 ],1,"LINESTRING (-122.2115769 37.7708724, -122.21054890662842 37.771417860250736, -122.209923 37.77164459999999)"
Foothill Blvd between 63rd Ave and 64th Ave,1,[ 2147 ],1,"LINESTRING (-122.1854727 37.7709015, -122.1845311 37.7707777)"
Foothill Blvd between 62nd Ave and 63rd Ave,1,[ 2148 ],1,"LINESTRING (-122.1867127 37.7710647, -122.1854727 37.7709015)"
42nd Ave between San Leandro Blvd & Wattling St,4,[1477 1556 1686 1866],4,"LINESTRING (-122.21824 37.7711512, -122.21930934236302 37.77043798763031)"
San Leandro St between 42nd Ave and High St,2,[ 155 1865],2,"LINESTRING (-122.21824 37.7711512, -122.2171564 37.77062919999999)"
44th Ave between E 12th St & San Leandro ST,3,[456 484 511],1,"LINESTRING (-122.2148713 37.7711664, -122.2163924 37.7700209)"
E. 12th St between 44th Ave and 45th Ave | E 12th St between 44th Ave and 45th Ave,4,[ 443  471  498 1796],2,"LINESTRING (-122.2148713 37.7711664, -122.2141279 37.7705512)"
E. 12th St between High St and 44th Ave | E 12th St between High St and E 12th Place | E 12th St between High St and 44th Ave,5,[ 444  472  499 1794 1795],2,"LINESTRING (-122.2148713 37.7711664, -122.2161034 37.7714223)"
44th Ave between E 12th St & International Blvd,3,[457 485 512],1,"LINESTRING (-122.2148713 37.7711664, -122.2139466 37.7718542)"
57th Ave between Foothill Blvd and Bancroft Ave | 57th Ave between Bancroft and Laverne Ave,2,[891 992],2,"LINESTRING (-122.19429141031932 37.771226748434316, -122.19418089649902 37.77135149783977, -122.1939307948793 37.772140029773034, -122.19387618652385 37.77221399906252)"
San Leandro St between 41st Ave & 42nd Ave,1,[ 156 ],1,"LINESTRING (-122.2187894 37.7714139, -122.21824 37.7711512)"
High St between E 12th St & E 12th St Pl,3,[453 481 508],1,"LINESTRING (-122.2161034 37.7714223, -122.2156127 37.7717942)"
Bancroft between Hilton St and Trask St,1,[ 36 ],1,"LINESTRING (-122.1960152 37.771483, -122.1942772 37.7712582)"
64th Ave between Foothill Blvd and Brann,1,[ 2146 ],1,"LINESTRING (-122.1832829 37.7715972, -122.1845311 37.7707777)"
Brann St between 64th Ave and Camden St,1,[ 2150 ],1,"LINESTRING (-122.1832829 37.7715972, -122.18310875806873 37.77141471107639, -122.1828581362263 37.77128069758792, -122.1816964 37.7711153)"
64th Ave between Brann St and Camden St,2,[1907 2143],2,"LINESTRING (-122.1832829 37.7715972, -122.182042 37.7724113)"
Bancroft Ave between 55th Ave and Hilton St,6,[  35  884 1445 1662 1702 2053],6,"LINESTRING (-122.1972896 37.771655, -122.1960152 37.771483)"
Bancroft between Cole St and 55th St,2,[ 34 883],2,"LINESTRING (-122.1972896 37.771655, -122.1985941 37.7717701)"
55th Ave between Bancroft Ave & Hilton St,2,[ 33 888],2,"LINESTRING (-122.1972896 37.771655, -122.1966852 37.7720761)"
E 8th St between 36th Ave and 37th Ave,1,[ 926 ],1,"LINESTRING (-122.2247729 37.7717751, -122.22382609648639 37.77131548321504)"
High St between E 12th St Pl & International Blvd,3,[452 480 507],1,"LINESTRING (-122.2156127 37.7717942, -122.214929 37.7723115)"
San Leandro St between 40th Ave & 41st Ave,1,[ 157 ],1,"LINESTRING (-122.2197037 37.77184889999999, -122.2187894 37.7714139)"
37th Ave between E. 9th St and San Leandro St,1,[ 12 ],1,"LINESTRING (-122.2234689 37.77193560000001, -122.22340616419882 37.77192796403007, -122.22332574940391 37.771979971161144, -122.2224479 37.7731656)"
E. 12th St between 42nd Ave and High St,3,[445 473 500],1,"LINESTRING (-122.217257 37.7719818, -122.2161034 37.7714223)"
42nd Ave between International and E 12th St | 42nd Avenue between E. 12th Street & International Blvd,4,[ 458  486  513 1972],2,"LINESTRING (-122.217257 37.7719818, -122.21593845872081 37.7729301680738)"
46th Ave between Bancroft Ave and Bond St,1,[ 165 ],1,"LINESTRING (-122.2107565 37.772071, -122.2101309 37.772909)"
Hilton St between 55th Ave and Bancroft Ave,2,[ 37 882],2,"LINESTRING (-122.1966852 37.7720761, -122.1960152 37.771483)"
Foothill blvd between Trask St and 57th Ave,1,[ 890 ],1,"LINESTRING (-122.19389403275586 37.77223798825312, -122.19589803275586 37.77261258825312)"
E 9th St between 36th Ave and 37th Ave,4,[ 929 1082 1091 1371],3,"LINESTRING (-122.2244196 37.7722468, -122.2234689 37.77193560000001)"
E 8th St between 34th Ave and 36th Ave,1,[ 927 ],1,"LINESTRING (-122.2260143 37.7723442, -122.2247729 37.7717751)"
E 8th St between Fruitvale Ave and 34th Ave,1,[ 928 ],1,"LINESTRING (-122.2260143 37.7723442, -122.2280768 37.7729751)"
E. 12th St between 41st Ave and 42nd Ave,3,[446 474 501],1,"LINESTRING (-122.2180546 37.7723636, -122.217257 37.7719818)"
E 9th St between 35th Ave and 36th Ave,4,[ 930 1083 1092 1370],3,"LINESTRING (-122.2254685 37.7726035, -122.2244196 37.7722468)"
55th Ave between Hilton St & Foothill Blvd,2,[ 32 887],2,"LINESTRING (-122.1959321 37.7726081, -122.1966852 37.7720761)"
Foothill Blvd between 55th Ave and 57th Ave,1,[ 993 ],1,"LINESTRING (-122.19586964338573 37.77259463509546, -122.19386564338573 37.77222003509546)"
55th Ave between Foothill Blvd and Laverne Ave,1,[ 995 ],1,"LINESTRING (-122.1959321 37.7726081, -122.1949529 37.77328929999999)"
45th Avenue between Bancroft Avenue and Bond Street,2,[ 159 2005],2,"LINESTRING (-122.2120126 37.772656, -122.2113813 37.7735015)"
E. 12th St between 40th Ave and 41st Ave,3,[447 475 502],1,"LINESTRING (-122.21896127577759 37.77279172026491, -122.2180546 37.7723636)"
38th Ave between Wattling St and San Leandro St,2,[1629 1643],2,"LINESTRING (-122.2215347 37.7727298, -122.2221753 37.7718517)"
San Leandro St between 38th Ave and 39th Ave,3,[1221 1627 1641],3,"LINESTRING (-122.2215347 37.7727298, -122.2206199 37.7722853)"
Brann St between 62nd Ave and 64th Ave,1,[ 2144 ],1,"LINESTRING (-122.1845379 37.7727474, -122.1832829 37.7715972)"
62nd Ave between Brann St and Camden St,1,[ 2142 ],1,"LINESTRING (-122.1845379 37.7727474, -122.1834228 37.7736695)"
E 9th St between 34th Ave and 35th Ave,4,[ 931 1084 1093 1369],3,"LINESTRING (-122.2262624 37.7728633, -122.2254685 37.7726035)"
46th Ave between Bond St and Foothill Blvd,1,[ 164 ],1,"LINESTRING (-122.2101309 37.772909, -122.2095943 37.7736285)"
Camden St between 63rd St and 64th St,1,[ 2140 ],1,"LINESTRING (-122.1827343 37.7730424, -122.182042 37.7724113)"
E 9th St between 33rd Ave and 34th Ave,4,[ 932 1085 1094 1368],3,"LINESTRING (-122.2270365 37.7731314, -122.2262624 37.7728633)"
E 9th St between Fruitvale Ave and 33rd Ave,4,[ 933 1086 1095 1367],3,"LINESTRING (-122.2270365 37.7731314, -122.2278698 37.77348569999999)"
San Leandro St between 37th Ave and 38th Ave,3,[1222 1628 1642],3,"LINESTRING (-122.2224479 37.7731656, -122.2215347 37.7727298)"
Laverne Ave between 55th Ave and Foothill Blvd,1,[ 996 ],1,"LINESTRING (-122.1949529 37.77328929999999, -122.1939307866821 37.77240867095747, -122.19388228306795 37.77227622465328)"
Bond St between 45th Ave and 46th Ave,2,[ 162 1145],2,"LINESTRING (-122.2113813 37.7735015, -122.2101309 37.772909)"
Bond St between High St and 45th Ave,4,[ 161 1146 1583 1620],4,"LINESTRING (-122.2113813 37.7735015, -122.21219621113605 37.773896778074096, -122.2125208 37.7741284)"
45th Ave between Foothill Blvd and Bond St,4,[ 158 1143 1584 1621],4,"LINESTRING (-122.2113813 37.7735015, -122.2108379 37.774221)"
MacArthur Blvd between 64th Ave Pl and 65th Ave,1,[ 2153 ],1,"LINESTRING (-122.1793341 37.7736338, -122.1786576 37.7731153)"
Camden St between 62nd St and 63rd St,1,[ 2141 ],1,"LINESTRING (-122.1834228 37.7736695, -122.1827343 37.7730424)"
MacArthur Blvd between 64th Ave and 64th Ave Pl,1,[ 2154 ],1,"LINESTRING (-122.1797356 37.7739401, -122.1793341 37.7736338)"
29th Avenue between E. 7th and Chapman,3,[1974 2029 2127],3,"LINESTRING (-122.23423488314099 37.77394527371279, -122.2337173 37.7745239)"
High Street Between Bond Street and Foothill,1,[ 1144 ],1,"LINESTRING (-122.21249656166596 37.77411681166566, -122.2117994 37.774706)"
Foothill blvd between 45th and 46th Ave,1,[ 163 ],1,"LINESTRING (-122.2108379 37.774221, -122.2095943 37.7736285)"
Bancroft Avenue between 42nd Avenue & High Street,2,[2055 2180],2,"LINESTRING (-122.21477669676965 37.77416491170243, -122.21465196129662 37.7740632357227, -122.21437958541357 37.77381663698963, -122.2140434360902 37.773601762848465, -122.2135207 37.7733722)"
Bond St between High St and 42nd Avenue,4,[ 160 1147 1287 1987],4,"LINESTRING (-122.2137361 37.7751525, -122.2125208 37.7741284)"
E 7th St between 23rd Ave and Kennedy St: 646 Kennedy St,2,[1348 1406],2,"LINESTRING (-122.236212 37.7755339, -122.23738617877162 37.77542913729659)"
29th Ave between E 9th St and E 10th St,1,[ 1701 ],1,"LINESTRING (-122.23202101548918 37.776218179979836, -122.23287973010952 37.77537534907905)"
E 12th St between Derby Ave & Fruitvale Ave,3,[601 650 694],1,"LINESTRING (-122.2284149 37.7770405, -122.22725667431827 37.77636852530939, -122.22651971842477 37.776282229608654)"
E 12th St between 30th Ave & Derby Ave,3,[602 651 695],1,"LINESTRING (-122.2292197 37.7775183, -122.2284149 37.7770405)"
E 12th St between Derby Ave and 29th Ave,2,[1694 1752],2,"LINESTRING (-122.2302807 37.7780658, -122.2284149 37.7770405)"
E 12th St between 29th Ave & 30th Ave,3,[603 652 696],1,"LINESTRING (-122.2302807 37.7780658, -122.2292197 37.7775183)"
Embarcadero between Dennison & Livingston,2,[2057 2128],1,"LINESTRING (-122.2426004 37.7793246, -122.2427375 37.7806678)"
Foothill Blvd between Crosby Ave & 36th Ave,2,[  28 1332],2,"LINESTRING (-122.218682 37.780847, -122.2189086 37.7815455)"
E 12th St between 25th Ave & 26th Ave,3,[605 654 698],1,"LINESTRING (-122.2346266 37.7813567, -122.23339354156525 37.780553207949566)"
E 15th St between Miller Ave and 24th Ave | E 15th St between Miller Ave & 24th Ave,2,[ 404 1266],2,"LINESTRING (-122.2336725 37.7833508, -122.2341293 37.7836277)"
Miller Ave between International Blvd & E 15th St,1,[ 407 ],1,"LINESTRING (-122.234097415157 37.78360249182763, -122.23415618570567 37.783522263150154, -122.23484417248302 37.78281879433742)"
Miller Ave between E 15th St & E 16th St,2,[ 406 1267],2,"LINESTRING (-122.2341041906181 37.783611270328684, -122.2333781 37.7844471)"
23rd Ave between International Blvd & E 15th St,1,[ 409 ],1,"LINESTRING (-122.2351588 37.7842401, -122.23592146108558 37.783425520306366)"
E 15th St between 23rd Ave & Miller Ave | E 15th St between 23rd Ave and Miller Ave,2,[383 405],2,"LINESTRING (-122.2351588 37.7842401, -122.2341293 37.7836277)"
23rd Ave between E 15th St and  E 16th St,1,[ 408 ],1,"LINESTRING (-122.2351588 37.7842401, -122.234321 37.7849973)"
21st Ave between E 12th St and International Blvd,1,[ 645 ],1,"LINESTRING (-122.2397998 37.7842745, -122.2389361 37.7852344)"
19th Ave between E 12th St and Solano Way,8,[201 304 390 420 557 616 665 709],4,"LINESTRING (-122.2419251053587 37.78552719381277, -122.24142636883128 37.78604106878683)"
23rd Ave between Foothill Blvd and E 17th St,2,[1458 2174],2,"LINESTRING (-122.2333334 37.7857668, -122.2341056 37.7851775)"
Solano Way between 19th Ave and 20th Ave,4,[558 617 666 710],1,"LINESTRING (-122.2414492 37.786054, -122.2403925 37.7854188)"
18th Ave between E 12th St and Solano Way | 18th Ave between E12th St & Solano Way,6,[ 555  614  663  707 1251 1292],3,"LINESTRING (-122.24286517090678 37.78627453167756, -122.24248669910469 37.78666012242043)"
19th Ave between Solano Way and International Blvd,8,[200 303 389 419 556 615 664 708],4,"LINESTRING (-122.24101235147478 37.786505774066256, -122.24142810212497 37.78604962314582)"
Solano Way between 18th Ave and 19th Ave,4,[559 618 667 711],1,"LINESTRING (-122.242501 37.786681, -122.2414492 37.786054)"
17th Ave between E 12th St and Solano Way | 17th Ave between Solano Way & E 12th St,13,[ 354  553  612  661  705 1294 1325 1401 1452 1596 1633 1687 1721],10,"LINESTRING (-122.2439286 37.7869004, -122.2435277 37.78729879999999)"
18th Ave between Solano Way and International Blvd | 18th Ave between Solano Way & International Blvd,5,[ 554  613  662  706 1293],2,"LINESTRING (-122.2421333 37.7870667, -122.242501 37.786681)"
22nd Ave between E 17th St and Foothill Blvd,1,[ 2173 ],1,"LINESTRING (-122.2355317 37.7870834, -122.2363193 37.7862534)"
Solano Way between 17th Ave and 18th Ave,5,[ 560  619  668  712 1250],2,"LINESTRING (-122.2435277 37.78729879999999, -122.242501 37.786681)"
16th Ave between E 12th St and Solano Way,4,[551 610 659 703],1,"LINESTRING (-122.2449903 37.7875255, -122.2446032 37.7879331)"
17th Ave between Solano Way and International Blvd,5,[353 552 611 660 704],2,"LINESTRING (-122.243174 37.7876897, -122.2435277 37.78729879999999)"
Solano Way between 16th Ave and 17th Ave,4,[561 620 669 713],1,"LINESTRING (-122.2446032 37.7879331, -122.2435277 37.78729879999999)"
15th Ave between E 12th St and Solano Way,4,[549 608 657 701],1,"LINESTRING (-122.2460501 37.7881525, -122.245632 37.7885759)"
16th Ave between Solano Way and International Blvd,4,[550 609 658 702],1,"LINESTRING (-122.2441731 37.7883842, -122.2446032 37.7879331)"
E 12th St between 14th Ave and 16th Ave (Behind Burger King),1,[ 1453 ],1,"LINESTRING (-122.2466588 37.7885138, -122.2449903 37.7875255)"
Solano Way between 15th Ave and 16th Ave,4,[562 621 670 714],1,"LINESTRING (-122.245632 37.7885759, -122.2446032 37.7879331)"
Solano Way between 14th Ave and 15th Ave,4,[563 622 671 715],1,"LINESTRING (-122.2463783 37.78898450000001, -122.245632 37.7885759)"
15th Ave between Solano Way and International Blvd,4,[548 607 656 700],1,"LINESTRING (-122.2452283 37.7890026, -122.245632 37.7885759)"
16th Ave between Foothill Blvd and E 15th St,1,[ 2169 ],1,"LINESTRING (-122.24341110745927 37.7892302430784, -122.24334187057762 37.78926150926874, -122.2426313 37.7900165)"
E 8th St between 11th Ave and 12th Ave,4,[565 624 673 717],1,"LINESTRING (-122.25090303144033 37.78979659572374, -122.2498321 37.7893464)"
E 15th St between 15th Ave and 16th Ave,1,[ 2168 ],1,"LINESTRING (-122.2444647 37.7898126, -122.24349687317812 37.78924035241867, -122.24341301545527 37.78922909897901)"
15th Ave between Gleason Way and E 15th St,1,[ 2167 ],1,"LINESTRING (-122.2444647 37.7898126, -122.2440693 37.7902337)"
12th Ave between E. 8th St and E. 12th St | 12th Ave between E 8th St and E 12th St,4,[569 628 677 721],1,"LINESTRING (-122.2489991 37.7899472, -122.2498321 37.7893464)"
E 11th St between 11th Ave and E 8th St,3,[639 688 732],1,"LINESTRING (-122.2507604 37.7899971, -122.25067364652702 37.78994851358157, -122.25042306726606 37.789723236325756, -122.25034926376206 37.78964741466942, -122.25031236201009 37.78954942964444)"
11th Ave between E 8th St and E 11th St,4,[571 630 679 723],1,"LINESTRING (-122.2507604 37.7899971, -122.2509847 37.7896886)"
11th Ave between E 11th St and E 12th St,4,[570 629 678 722],1,"LINESTRING (-122.2507604 37.7899971, -122.2498264 37.7906826)"
E 8th St between 10th Ave and 11th Ave,4,[566 625 674 718],1,"LINESTRING (-122.2522723 37.7901625, -122.2509847 37.7896886)"
E 8th St between 9th Ave and 10th Ave,4,[567 626 675 719],1,"LINESTRING (-122.2522723 37.7901625, -122.2533789 37.790494)"
Foothill Blvd between 15th Ave and 16th Ave,1,[ 2170 ],1,"LINESTRING (-122.2436622 37.7906559, -122.2426313 37.7900165)"
15th Ave between Foothill Blvd and Gleason Way,1,[ 2166 ],1,"LINESTRING (-122.2436622 37.7906559, -122.2440693 37.7902337)"
E 11th St between 10th Ave and 11th Ave,4,[580 640 689 733],1,"LINESTRING (-122.2516137 37.7907347, -122.2507604 37.7899971)"
10th Ave between E 8th St and E 11th St,4,[573 632 681 725],1,"LINESTRING (-122.2516137 37.7907347, -122.25214085623261 37.79034818991902, -122.25224012819218 37.790151057668275)"
10th Ave between E 11th St and E 12th St,4,[572 631 680 724],1,"LINESTRING (-122.2516137 37.7907347, -122.2506595 37.7914123)"
E 11th St between 9th Ave and 10th Ave,4,[581 641 690 734],1,"LINESTRING (-122.2516137 37.7907347, -122.2524465 37.7914698)"
E 10th St between 9th Ave and E 8th St,4,[584 643 692 736],1,"LINESTRING (-122.2533656 37.7908451, -122.25327388701939 37.79080011526874, -122.25312456343728 37.790667563305966, -122.25285864472949 37.79051238021812)"
9th Ave between E 8th St & E 10th St,4,[576 635 684 728],1,"LINESTRING (-122.2533656 37.7908451, -122.25340345757373 37.790750774596134, -122.25340345757373 37.790587542715116, -122.2533789 37.790494)"
9th Ave between E 10th St & E 11th St,4,[575 634 683 727],1,"LINESTRING (-122.2533656 37.7908451, -122.25324628399105 37.790890353425894, -122.2524465 37.7914698)"
E 8th St between 8th Ave and 9th Ave,4,[568 627 676 720],1,"LINESTRING (-122.2549159 37.79098219999999, -122.25491157785096 37.79097806208581, -122.2533789 37.790494)"
9th Ave between E 11th St & E 12th St,4,[574 633 682 726],1,"LINESTRING (-122.2524465 37.7914698, -122.2514851 37.7921426)"
E 10th St between 8th Ave and 9th Ave,4,[583 644 693 737],1,"LINESTRING (-122.2541821 37.7915543, -122.2533656 37.7908451)"
8th Ave between E 8th St & E 10th St,4,[579 638 687 731],1,"LINESTRING (-122.2541821 37.7915543, -122.25478995671375 37.791103595089545, -122.25486441863448 37.79097217772103)"
8th Ave between E 10th St & E 11th St,4,[578 637 686 730],1,"LINESTRING (-122.2541821 37.7915543, -122.2532709 37.7921973)"
E 11th St between 8th Ave and 9th Ave,4,[582 642 691 735],1,"LINESTRING (-122.2532709 37.7921973, -122.2524465 37.7914698)"
8th Ave between E 11th St & E 12th St,4,[577 636 685 729],1,"LINESTRING (-122.2532709 37.7921973, -122.2523094 37.7928833)"
Oak St between Fallon St and 2nd St,1,[ 83 ],1,"LINESTRING (-122.2680899 37.7928174, -122.26833549855175 37.79235670619318)"
Oak St between 2nd St and 3rd St,1,[ 85 ],1,"LINESTRING (-122.2680899 37.7928174, -122.2676386 37.7934867)"
Oak St between 3rd St and 4th St,1,[ 84 ],1,"LINESTRING (-122.2676386 37.7934867, -122.2670115 37.7944874)"
7th Ave between E 12th St and International Blvd,1,[ 1998 ],1,"LINESTRING (-122.2531546 37.7936132, -122.252202 37.7942899)"
5th Ave between E 8th St & E 10th St,3,[1053 1067 1069],2,"LINESTRING (-122.256684 37.7937513, -122.2580012 37.79280809999999)"
E 10th St between 5th Ave & 6th Ave,1,[ 852 ],1,"LINESTRING (-122.256684 37.7937513, -122.2558468 37.7930202)"
Fallon St between 4th St and Victory Ct,1,[ 87 ],1,"LINESTRING (-122.2658393 37.7940124, -122.2666565 37.7927375)"
E 12th St between 6th Ave and 7th Ave,1,[ 1996 ],1,"LINESTRING (-122.2539786 37.7943449, -122.2531546 37.7936132)"
6th Ave between International Blvd and E 12th St,5,[1183 1218 1474 1566 1997],5,"LINESTRING (-122.2539786 37.7943449, -122.2530373 37.7950159)"
E 10th St between 4th Ave & 5th Ave,1,[ 853 ],1,"LINESTRING (-122.2575246 37.7944797, -122.256684 37.7937513)"
International Blvd between 6th Ave and 7th Ave,1,[ 1999 ],1,"LINESTRING (-122.2530373 37.7950159, -122.252202 37.7942899)"
Embarcadero West between Washington St and Broadway,2,[311 359],1,"LINESTRING (-122.2766899 37.7954334, -122.27799593506 37.795921243529584)"
Franklin st between Embarcadero West and 2nd St,2,[324 372],1,"LINESTRING (-122.2751419 37.7955888, -122.275534 37.7949513)"
Franklin st between 2nd St and 3rd St,2,[323 371],1,"LINESTRING (-122.2751419 37.7955888, -122.2746861 37.7962582)"
10th St and E 10th St between East Dr & 2nd Ave,1,[ 855 ],1,"LINESTRING (-122.259181 37.7959428, -122.25957314506206 37.79626041088947, -122.25983839771403 37.796433994351005, -122.26099569963269 37.79689266339808)"
Broadway between Embarcadero West and 2nd St,2,[327 375],1,"LINESTRING (-122.2763202 37.7960525, -122.2766899 37.7954334)"
2nd St between Broadway and Franklin St,2,[313 361],1,"LINESTRING (-122.2763202 37.7960525, -122.2751419 37.7955888)"
2nd St between Washington St & Broadway,2,[314 362],1,"LINESTRING (-122.2763202 37.7960525, -122.2775995 37.796554)"
Broadway between 2nd St and 3rd St,2,[326 374],1,"LINESTRING (-122.2763202 37.7960525, -122.2758902 37.7967373)"
4th st between Harrison st and Webster St,1,[ 309 ],1,"LINESTRING (-122.2720927 37.7961072, -122.273109 37.7965057)"
Harrison St between 4th St and 5th St,2,[1076 1564],2,"LINESTRING (-122.2720927 37.7961072, -122.27192686295103 37.79636402658868, -122.27177854339236 37.796458171764044, -122.2716379 37.796723)"
Franklin st between 3rd St and 4th St,2,[322 370],1,"LINESTRING (-122.2746861 37.7962582, -122.2742912 37.7969769)"
Embarcadero West between Clay St and Washington St,2,[310 358],1,"LINESTRING (-122.2791813 37.7963811, -122.27799607538735 37.79592011665972)"
Washington St between 2nd St & Embarcadero West,2,[330 378],1,"LINESTRING (-122.2775995 37.796554, -122.27798403169807 37.795919981738905)"
Washington St between 2nd St & 3rd St,2,[329 377],1,"LINESTRING (-122.2775995 37.796554, -122.277167 37.797238)"
5th St between Harrison St and Webster St,2,[1075 1565],2,"LINESTRING (-122.2716379 37.796723, -122.2727012 37.7971385)"
3rd St between Broadway and Franklin St,2,[316 364],1,"LINESTRING (-122.2758902 37.7967373, -122.2746861 37.7962582)"
3rd St between Washington St & Broadway,2,[317 365],1,"LINESTRING (-122.2758902 37.7967373, -122.277167 37.797238)"
Broadway between 3rd St & 4th St,2,[325 373],1,"LINESTRING (-122.27599585462323 37.7967687366357, -122.2755601 37.797473)"
4th st between Webster St & Franklin St,1,[ 308 ],1,"LINESTRING (-122.2742912 37.7969769, -122.273109 37.7965057)"
6th St between Alice St and Jackson St,6,[1063 1747 1766 1787 1982 2106],6,"LINESTRING (-122.2698515 37.7969815, -122.2686737 37.7965148)"
6th Street between Harrison St and Alice St,1,[ 1981 ],1,"LINESTRING (-122.2698515 37.7969815, -122.27101373062479 37.79741648173567)"
Clay st between Embarcadero West and 2nd St,2,[333 381],1,"LINESTRING (-122.2787613 37.7970103, -122.2791813 37.7963811)"
2ndSt between Clay St and Washington St,2,[315 363],1,"LINESTRING (-122.2787613 37.7970103, -122.2775995 37.796554)"
Clay st between 2nd St and 3rd St,2,[332 380],1,"LINESTRING (-122.2787613 37.7970103, -122.2783397 37.7976981)"
Webster Place between 5th St and 6th St,1,[ 1074 ],1,"LINESTRING (-122.27204481902331 37.79688645611174, -122.27157254766989 37.79761789177082)"
Webster St between 5th St and 6th St,1,[ 2033 ],1,"LINESTRING (-122.2727012 37.7971385, -122.2721874 37.7978593)"
Washington St between 3rd St & 4th St,2,[328 376],1,"LINESTRING (-122.277167 37.797238, -122.2767344 37.7979315)"
4th St between Broadway and Franklin St,2,[319 367],1,"LINESTRING (-122.2755601 37.797473, -122.2742912 37.7969769)"
4th St between Washington St & Broadway,2,[320 368],1,"LINESTRING (-122.2755601 37.797473, -122.2767344 37.7979315)"
Broadway between 4th St and 5th St,1,[ 307 ],1,"LINESTRING (-122.2755601 37.797473, -122.275123581007 37.798157002563926)"
Jefferson St between 2nd St and Embarcadero West,3,[ 906 1372 1424],3,"LINESTRING (-122.2799576 37.7974785, -122.2804657 37.79669430000001)"
2nd St between MLK and Jefferson St,1,[ 1562 ],1,"LINESTRING (-122.2799576 37.7974785, -122.2811381 37.7979388)"
East Dr between E 10th St and Lake Merritt Blvd,2,[1966 2001],2,"LINESTRING (-122.2605691 37.7975484, -122.26037771420792 37.797840230052, -122.26036 37.798179)"
3rd St between Clay St and Washington St,2,[318 366],1,"LINESTRING (-122.2783397 37.7976981, -122.277167 37.797238)"
Clay st between 3rd St and 4th St,2,[331 379],1,"LINESTRING (-122.2783397 37.7976981, -122.2779222 37.7983946)"
Washington St between 4th St and 5th St,2,[ 13 823],2,"LINESTRING (-122.2767344 37.7979315, -122.2763061 37.7986105)"
MLK Way between 2nd St & 3rd St,1,[ 967 ],1,"LINESTRING (-122.2811381 37.7979388, -122.2807044 37.7986394)"
Broadway between 5th and 6th,4,[ 306  760 1271 2120],4,"LINESTRING (-122.2750291 37.7981014, -122.27465 37.7988)"
5th St between Washingston St & Broadway,1,[ 821 ],1,"LINESTRING (-122.2750291 37.7981014, -122.2763061 37.7986105)"
6th St between Franklin St and Webster St,1,[ 590 ],1,"LINESTRING (-122.2734094 37.7983628, -122.2721874 37.7978593)"
4th St between Clay St and Washington St | 4th St between Clay St & Washington st,3,[321 369 969],2,"LINESTRING (-122.2779222 37.7983946, -122.2767344 37.7979315)"
4th St between Jefferson St & Clay St,1,[ 970 ],1,"LINESTRING (-122.2779222 37.7983946, -122.2790774 37.7988524)"
Castro St between 2nd St St and 3rd St,2,[900 972],2,"LINESTRING (-122.2823129 37.7984047, -122.2818803 37.7990919)"
MLK Way between 3rd St & 4th St,1,[ 966 ],1,"LINESTRING (-122.2807044 37.7986394, -122.2802737 37.7993171)"
6th St between Franklin and Broadway,1,[ 1072 ],1,"LINESTRING (-122.27441599123954 37.79904775230275, -122.27433934505062 37.79879385250224, -122.27400328099161 37.798635455854374, -122.2734094 37.7983628)"
6th St between Broadway and Washington St,1,[ 2186 ],1,"LINESTRING (-122.27465 37.7988, -122.2758717 37.7993126)"
4th St between MLK & Jefferson St,1,[ 971 ],1,"LINESTRING (-122.2790774 37.7988524, -122.2802737 37.7993171)"
5th St between Clay St and Washingston St,1,[ 822 ],1,"LINESTRING (-122.2774829 37.7990831, -122.2763061 37.7986105)"
Castro St between 3rd St and 4th St,2,[899 973],2,"LINESTRING (-122.2818803 37.7990919, -122.281436 37.7997807)"
MLK Way between 4th St & 5th St,1,[ 965 ],1,"LINESTRING (-122.2802737 37.7993171, -122.2798479 37.8000096)"
Castro St between 4th St and 5th St,2,[898 974],2,"LINESTRING (-122.281436 37.7997807, -122.281029 37.8004724)"
14th Avenue between East 33rd and MacArthur,1,[ 2096 ],1,"LINESTRING (-122.2275311 37.80010559999999, -122.2258755 37.8009869)"
Clay St between 7th St and 8th St,2,[1286 1776],2,"LINESTRING (-122.2766129 37.8004704, -122.2761879 37.8011591)"
Castro St between 5th St and 6th St,9,[ 897  975 1023 1098 1351 1455 1557 1630 1765],9,"LINESTRING (-122.281029 37.8004724, -122.2805721 37.8011635)"
Clay St between 8th St and Ninth St,1,[ 1777 ],1,"LINESTRING (-122.2761879 37.8011591, -122.2757695 37.8018377)"
Castro St between 6th and 7th St,3,[ 976 1097 1559],3,"LINESTRING (-122.2805721 37.8011635, -122.28044309267261 37.80133220171383, -122.2799835 37.8017457)"
6th St between Brush St and Castro St,3,[1350 1916 2042],3,"LINESTRING (-122.281784 37.8016417, -122.2805721 37.8011635)"
7th St between Castro St & Gerry Adams Way,1,[ 1024 ],1,"LINESTRING (-122.2799835 37.8017457, -122.2797262 37.8019172)"
Castro St between 7th St & 8th St,2,[ 977 1022],2,"LINESTRING (-122.2799835 37.8017457, -122.27971915374924 37.801961654769336, -122.2793977 37.8024185)"
Castro St between 8th St & 9th St,2,[ 978 1021],2,"LINESTRING (-122.2793977 37.8024185, -122.2791646 37.803176)"
7th St between Castro St and Brush St,1,[ 1558 ],1,"LINESTRING (-122.28134732755646 37.80230195241899, -122.2799835 37.8017457)"
3rd St between Center St and Chester St,1,[ 95 ],1,"LINESTRING (-122.2959096 37.8026298, -122.2970097 37.80287819999999)"
3rd St between Chester St and Henry St,1,[ 94 ],1,"LINESTRING (-122.2970097 37.80287819999999, -122.2980431 37.8031112)"
10th Street between Jefferson St and MLK,2,[2022 2070],2,"LINESTRING (-122.276517 37.80299189999999, -122.2776948 37.8034568)"
3rd St between Henry St & Lewis St,1,[ 93 ],1,"LINESTRING (-122.2980431 37.8031112, -122.299073 37.8033454)"
3rd St between Lewis St & Peralta St,1,[ 92 ],1,"LINESTRING (-122.299073 37.8033454, -122.3001363 37.8036056)"
MLK between Ninth St and 10th St,1,[ 1924 ],1,"LINESTRING (-122.2776948 37.8034568, -122.2781287 37.8027624)"
5th St between Kirkham St and Mandela Parkway,2,[1547 1719],2,"LINESTRING (-122.29277996238946 37.8035166245096, -122.29410195663738 37.803814243601515)"
Kirkham St between 5th & 7th St.,6,[ 259  296 1548 1720 2079 2126],5,"LINESTRING (-122.29278453757516 37.803512664996646, -122.2923442 37.8046924)"
Union St between 5th St and 7th St,2,[260 297],1,"LINESTRING (-122.2910783 37.8035108, -122.29080190510834 37.803728922771235, -122.29057170071029 37.803951992593525, -122.2904121 37.8042637)"
Peralta St between 3rd St & 5th St,1,[ 91 ],1,"LINESTRING (-122.3001363 37.8036056, -122.2990774 37.8049628)"
Castro St between 9th St & 10th St,2,[ 979 1020],2,"LINESTRING (-122.2788465 37.8039079, -122.27904606926975 37.80358477191707, -122.2791646 37.803176)"
Castro St between 10th St & 11th St,2,[ 980 1019],2,"LINESTRING (-122.2788465 37.8039079, -122.27845385988448 37.80457778937206)"
Castro St between 11th St & 12th St,3,[ 431  981 1018],3,"LINESTRING (-122.27845939046097 37.80457341963004, -122.2780213 37.8052918)"
Peralta St between 5th St and 7th St,2,[ 90 924],2,"LINESTRING (-122.2990774 37.8049628, -122.2982615 37.8059656)"
Lakeshore Ave between Brooklyn Ave & Wayne Ave,1,[ 1032 ],1,"LINESTRING (-122.2505528 37.8052251, -122.25081115939274 37.80467617980908, -122.2510797 37.8044179)"
Castro St between 12th St & 14th St,3,[349 430 982],2,"LINESTRING (-122.2780213 37.8052918, -122.2771095 37.8067056)"
7th St between Willow St and Wood St,2,[264 301],1,"LINESTRING (-122.30082919395777 37.80668926447961, -122.30187033198557 37.80694373305688, -122.30234390979835 37.80713014106939)"
Castro St between 14th St & 15th St,3,[348 429 983],2,"LINESTRING (-122.2771095 37.8067056, -122.2767161 37.8073536)"
Wood St between 7th St and Goss St,2,[263 300],1,"LINESTRING (-122.3023514 37.8071331, -122.3021432 37.8077244)"
Castro St between 15th St & 16th St,2,[428 984],2,"LINESTRING (-122.2767161 37.8073536, -122.2763112 37.8080063)"
Lakeshore Ave between El Embarcardeo & Boden Ave,1,[ 1034 ],1,"LINESTRING (-122.2495873 37.8075583, -122.249398337014 37.80797212933861, -122.2491477172971 37.80838845068206, -122.24881355767455 37.80866768929242)"
Mandela Pkwy between 10th St and 11th St,1,[ 947 ],1,"LINESTRING (-122.2924006 37.8078207, -122.29222168546019 37.80838017521841)"
16th St between Castro St and MLK | 16th Street between MLK and Castro,2,[ 426 2060],2,"LINESTRING (-122.2763112 37.8080063, -122.2751447 37.8075532)"
Castro St between 16th St & 17th St,2,[427 985],2,"LINESTRING (-122.2763112 37.8080063, -122.27592783937742 37.80861368260798)"
Goss St between Pine St and Wood St,2,[261 298],1,"LINESTRING (-122.3034791 37.8080338, -122.3021432 37.8077244)"
Mandela Pkwy between 11th St and 12th St,1,[ 946 ],1,"LINESTRING (-122.29222032441957 37.808377782314096, -122.2919463 37.8090864)"
Castro St between 17th St & 18th St,1,[ 986 ],1,"LINESTRING (-122.27593158282279 37.80861830162157, -122.27550531584303 37.80931622576972)"
Pine St between 8th St and Goss St,3,[ 45 262 299],2,"LINESTRING (-122.303295 37.80869610000001, -122.30351564896249 37.808090788993525, -122.3034791 37.8080338)"
Pine St between 8th St and Chase St,2,[1666 1706],2,"LINESTRING (-122.303295 37.80869610000001, -122.3026755 37.8095001)"
Bellevue Ave between Grand Ave & Staten Ave,2,[ 963 1044],2,"LINESTRING (-122.2528 37.8087001, -122.25284865259334 37.80809365841102, -122.25312130452005 37.80777713151158, -122.25347185699727 37.80770679201635, -122.2539741 37.8077393)"
Grand Ave between Bellevue Ave & Euclid Ave,2,[ 962 1043],2,"LINESTRING (-122.25276866115796 37.80868602713309, -122.25171008280907 37.80860525355626)"
West St between 16th St & 18th St,1,[ 1256 ],1,"LINESTRING (-122.2786788 37.8089406, -122.2778571 37.8102581)"
Mandela Pkwy between 12th St and 13th St,6,[ 755  779  798  846  945 1156],4,"LINESTRING (-122.2923006918579 37.80917968892194, -122.29200915155008 37.80992488146908)"
Median at Mandela Pkwy between 12th St and 14th St,1,[ 1154 ],1,"LINESTRING (-122.29210038467357 37.80915245591883, -122.2915098759797 37.81081797022031)"
Castro St between 18th St & 19th St,1,[ 987 ],1,"LINESTRING (-122.27548635114243 37.80932711718156, -122.2750956 37.8099806)"
14th St between Magnolia St & Adeline St,4,[738 762 781 829],2,"LINESTRING (-122.2861767 37.8096212, -122.28721591305998 37.80984742432014)"
14th St between Union St & Magnolia St,4,[739 763 782 830],2,"LINESTRING (-122.28721193753789 37.80985370603958, -122.28830918162774 37.81008612928343)"
Mandela Pkwy between 13th and 14th | Mandela Pkwy between 13th St and 14th St,14,[ 754  778  797  845  944 1155 1162 1168 1411 1533 1611 1676 1884 2012],11,"LINESTRING (-122.2920267 37.8099154, -122.29172062307126 37.81084133016747)"
Lakeshore Ave between MacArthurd Ave and Lake Park Ave,1,[ 80 ],1,"LINESTRING (-122.2463868 37.8099645, -122.2469151 37.8095863)"
Castro St between 19th St & 20th St,1,[ 988 ],1,"LINESTRING (-122.2750956 37.8099806, -122.2746782 37.8106134)"
13th St between Center and Mandela Pkwy,8,[1163 1169 1412 1534 1612 1678 1885 2013],8,"LINESTRING (-122.29321 37.81016, -122.2920267 37.8099154)"
Pine St between Chase St and 9th St,1,[ 1705 ],1,"LINESTRING (-122.3020914 37.8102379, -122.3026755 37.8095001)"
14th St between Poplar St and Union St,4,[740 764 783 831],2,"LINESTRING (-122.28927267676703 37.81031491303393, -122.2882979017973 37.810084325688194)"
Center St between 13th St and 14th St,6,[1410 1532 1610 1677 1883 2014],6,"LINESTRING (-122.2931644 37.8103891, -122.2928967 37.8111244)"
19th St between West St and Brush St,1,[ 525 ],1,"LINESTRING (-122.2763109 37.8104477, -122.2774598 37.8108945)"
Brush St between 19th St and 20th St,1,[ 522 ],1,"LINESTRING (-122.2763109 37.8104477, -122.2759092 37.8110806)"
14th St between Mandela Pkwy and Kirkham Ct,6,[ 742  766  785  833 1880 1910],4,"LINESTRING (-122.29024854393573 37.81051630008844, -122.2917622 37.8108657)"
San Pablo Ave between MLK & Thomas L Berkley Way,1,[ 1783 ],1,"LINESTRING (-122.27322785159134 37.81058503138029, -122.2730723 37.8101242)"
Thomas L Berkley Way between Castro St and MLK,1,[ 990 ],1,"LINESTRING (-122.2746782 37.8106134, -122.2735487 37.8102129)"
Castro St between 20th St & San Pablo Ave,2,[ 989 1048],2,"LINESTRING (-122.2746782 37.8106134, -122.27434418723911 37.811176568471176, -122.2737274 37.811682)"
Lake Merritt: Walkway between Harrison St between 21st St &  Grand Ave,1,[ 2102 ],1,"LINESTRING (-122.26238 37.81084, -122.26288 37.80931)"
Mandela Pkwy between 14th St and 15th St,5,[753 777 796 844 943],3,"LINESTRING (-122.2917622 37.8108657, -122.2915068 37.811608)"
Mandela Parkway between 14th & 16th,5,[1600 1881 1912 1968 2136],5,"LINESTRING (-122.2917622 37.8108657, -122.2912191 37.8123397)"
16th St between Magnolia St & Adeline St,1,[ 959 ],1,"LINESTRING (-122.28559513955331 37.8110636597322, -122.2867053 37.8113102)"
Adeline St between 16th St and 18th St,1,[ 958 ],1,"LINESTRING (-122.28560152348099 37.81106196384, -122.28512655085466 37.81234511078718)"
20th St between West St and Brush St,1,[ 526 ],1,"LINESTRING (-122.2759092 37.8110806, -122.2770591 37.8115349)"
Brush St between 20th St and 21st St,2,[386 521],2,"LINESTRING (-122.2759092 37.8110806, -122.2754966 37.8117161)"
14th St between Center St and Mandela Pkwy | 14th St between Center St & Mandela Parkway,11,[ 743  767  786  834 1161 1167 1409 1531 1609 1675 1882],9,"LINESTRING (-122.2928967 37.8111244, -122.2917622 37.8108657)"
16th St between Union St and Magnolia St,1,[ 960 ],1,"LINESTRING (-122.2867053 37.8113102, -122.2877841 37.8115597)"
Grand Ave between MacArthur and Lake Park Ave,2,[  81 1398],2,"LINESTRING (-122.24784652230029 37.81142010662628, -122.24832118189504 37.810633663069915, -122.24871427004236 37.81013786171433)"
Mandela Pkwy between 15th St and 16th St,5,[752 776 795 843 942],3,"LINESTRING (-122.2915068 37.811608, -122.2912191 37.8123397)"
21st St between West St and Brush St,1,[ 524 ],1,"LINESTRING (-122.2754966 37.8117161, -122.2766635 37.8121743)"
Brush St between 21st St and 22nd St,2,[385 520],2,"LINESTRING (-122.2754966 37.8117161, -122.2750913 37.8123539)"
16th St between Poplar St and Union St,1,[ 961 ],1,"LINESTRING (-122.2887558 37.8117826, -122.2877841 37.8115597)"
16th St between Kirkham St and Mandela Pkwy,3,[1599 1879 1911],3,"LINESTRING (-122.2897117 37.8119966, -122.2912191 37.8123397)"
Kirkham St between 16th St and 18th St,2,[1421 1646],2,"LINESTRING (-122.2897117 37.8119966, -122.289186 37.8134739)"
Mandela Pkwy between 16th St and 17th St,5,[751 775 794 842 941],3,"LINESTRING (-122.2912191 37.8123397, -122.2908965 37.8130637)"
22nd St between Brush St & West St | 22nd St between West St and Brush St,2,[387 523],2,"LINESTRING (-122.2750913 37.8123539, -122.2762462 37.8128107)"
Brush St between 22nd St and W Grand Ave,2,[384 519],2,"LINESTRING (-122.2750913 37.8123539, -122.2746737 37.8130072)"
Adeline St between 18th St & 19th St,1,[ 872 ],1,"LINESTRING (-122.28512722565597 37.81234298625722, -122.28478542565597 37.813279586257224)"
W Grand Ave between MLK to Northgate,7,[ 129  176  208  236  272  892 1001],3,"LINESTRING (-122.27278186554054 37.81248360493014, -122.27132953428122 37.812241358905375)"
W Grand Ave between San Pablo Ave & MLK,25,"[   4    9   22   42  128  175  207  235  271 1002 1045 1191 1203 1356
 1436 1528 1575 1714 1744 1839 1902 1958 2035 2089 2190]",17,"LINESTRING (-122.27278424711382 37.812487367918, -122.27408395741911 37.81272504655325)"
Telegraph Ave between 23rd St and W Grand Ave,1,[ 999 ],1,"LINESTRING (-122.26882545316921 37.812584800089105, -122.2689962 37.8119546)"
Northgate Ave between W Grand Ave and 23rd St,8,[ 143  190  222  250  286  345  828 1007],4,"LINESTRING (-122.2709996 37.8129981, -122.2713161251353 37.81224665567903)"
23rd St between Northgate Ave and Telegraph Ave,7,[ 134  181  213  241  277  895 1003],3,"LINESTRING (-122.2709996 37.8129981, -122.26881866315836 37.812592846459005)"
Northgate Ave between 23rd St and 24th St,8,[ 144  191  223  251  287  344  827 1006],4,"LINESTRING (-122.27114516393556 37.81303718706782, -122.27084259155485 37.81343259518469, -122.2706598 37.8138349)"
W Grand Ave between Brush St & San Pablo Ave,1,[ 516 ],1,"LINESTRING (-122.2746737 37.8130072, -122.27437592372628 37.81289906410566, -122.27412428636286 37.812854702195786)"
W. Grand Between Brush St and West St | W Grand Ave between West St and Brush St,4,[1158 1469 1483 1570],4,"LINESTRING (-122.2746737 37.8130072, -122.2758483022053 37.813457952482345)"
Mandela Pkwy between 17th St and 18th St,5,[750 774 793 841 940],3,"LINESTRING (-122.2908965 37.8130637, -122.2906072627864 37.81379533312886)"
Poplar between 18th St and 20th St,1,[ 2119 ],1,"LINESTRING (-122.2882144 37.8132527, -122.28772 37.81464)"
19th St between Union St and Adeline St,1,[ 866 ],1,"LINESTRING (-122.28478885246176 37.813281482670305, -122.28690122530664 37.81377484247359, -122.28695727309876 37.81382650033513)"
Adeline St between 19th St & 21st St,1,[ 871 ],1,"LINESTRING (-122.28478455914257 37.81328294880501, -122.2843658 37.81441909999999)"
23rd St between West St and Brush St | 23rd between West St and Brush St,6,[1160 1471 1485 1568 1673 1737],6,"LINESTRING (-122.27447216326576 37.81335376942545, -122.2756964 37.8137191)"
18th St between Mandela Pkwy and Kirkham St,1,[ 1645 ],1,"LINESTRING (-122.289186 37.8134739, -122.2902703 37.813722)"
MLk between W Grand Ave & 23rd,31,"[   5   10   23   43  137  184  216  244  280  340  357  403  417  425
  593  998 1190 1202 1355 1435 1527 1580 1623 1708 1739 1833 1896 1959
 2091 2189 2191]",19,"LINESTRING (-122.27252112725704 37.813577764920545, -122.27278186554054 37.81248360493014)"
23rd St. between MLK and San Pablo | 23rd�St. between MLK and San Pablo,21,"[   3    8   21   41  133  180  212  240  276  347  400  414  422  461
  594 1005 1049 1136 1194 1206 2068]",10,"LINESTRING (-122.2725171 37.8135766, -122.27423291835946 37.813862743942025, -122.27441882618263 37.81383604058716)"
MLK between 23rd & 24th,24,"[ 138  185  217  245  281  339  356  402  416  424  592 1189 1201 1354
 1434 1526 1579 1709 1740 1834 1897 1960 2090 2192]",15,"LINESTRING (-122.2725171 37.8135766, -122.2723382 37.814285)"
18th St between Mandela Pkwy & Poplar St,1,[ 873 ],1,"LINESTRING (-122.2902703 37.813722, -122.2882144 37.8132527)"
Mandela Pkwy between 18th St and 20th St,5,[749 773 792 840 939],3,"LINESTRING (-122.2902703 37.813722, -122.2897401 37.8151958)"
24th St between Northgate Ave and Telegraph Ave,5,[125 172 204 256 268],1,"LINESTRING (-122.2706598 37.8138349, -122.2686251 37.8134702)"
Northgate Ave between 24th St & 25th St,7,[145 192 224 252 288 343 826],3,"LINESTRING (-122.2706598 37.8138349, -122.27045100910311 37.81469227625051)"
Brush St between 23rd St & W Grand Ave,1,[ 517 ],1,"LINESTRING (-122.27429524344811 37.81346053900308, -122.27446780692777 37.81335617177205, -122.2746737 37.8130072)"
San Pablo Ave between 23rd St and W Grand Ave,5,[  2   7  20  40 997],2,"LINESTRING (-122.27442352485767 37.81383470724498, -122.27408711339159 37.812727539831)"
Union St between 19th St & 21st St,1,[ 865 ],1,"LINESTRING (-122.28695885504995 37.81383421954035, -122.2865704 37.8149188)"
Wood St between 15th & 16th,1,[ 1258 ],1,"LINESTRING (-122.29726392723974 37.8139494007833, -122.29673219711117 37.81464679503895)"
Linden St between 21St & W Grand Ave,1,[ 875 ],1,"LINESTRING (-122.2822119 37.8140129, -122.2818505 37.815015)"
17th St between Willow St and Campbell St,1,[ 1263 ],1,"LINESTRING (-122.2936388 37.8140501, -122.2949279 37.8146884)"
21st St between Linden St and Chestnut St,1,[ 860 ],1,"LINESTRING (-122.2833049 37.8142162, -122.2822119 37.8140129)"
MLK between 24th & 25th,22,"[ 139  186  218  246  282  338  355  401  415  423  591 1188 1200 1353
 1433 1525 1578 1710 1741 1835 1898 2193]",13,"LINESTRING (-122.2723382 37.814285, -122.2721658 37.8149822)"
21st St between Chestnut St & Adeline St,1,[ 859 ],1,"LINESTRING (-122.2843658 37.81441909999999, -122.2833049 37.8142162)"
Adeline St between 21st St & W Grand Ave,1,[ 870 ],1,"LINESTRING (-122.2843658 37.81441909999999, -122.28395449544593 37.81561026316403)"
Wood St between 16th & 17th,2,[1259 1276],2,"LINESTRING (-122.29672525028626 37.81465274339364, -122.29618875028625 37.81532784339364)"
25th st between Northgate Ave and Telegraph Ave,5,[126 173 205 257 269],1,"LINESTRING (-122.27045477933207 37.814678593165404, -122.26840330396384 37.81435229408111)"
Northgate Ave between 25th St & Sycamore St,7,[146 193 225 253 289 342 825],3,"LINESTRING (-122.27045067263734 37.81468620578742, -122.27030736930709 37.8154012591773)"
17th St between Wood St and Willow St,1,[ 1262 ],1,"LINESTRING (-122.2949279 37.8146884, -122.29618681660715 37.815326680055456)"
Campbell St between 18th St and 20th St,9,[1339 1344 1360 1497 1504 1511 1518 1615 1654],5,"LINESTRING (-122.2930937 37.8147282, -122.2920219 37.8160751)"
Union St between 21st St & W Grand Ave,1,[ 864 ],1,"LINESTRING (-122.2865704 37.8149188, -122.2861334 37.8161251)"
MLK between 25th St & Sycamore St,6,[140 187 219 247 283 337],2,"LINESTRING (-122.2721658 37.8149822, -122.2719928 37.8156792)"
21st St between Union St and Poplar St,1,[ 857 ],1,"LINESTRING (-122.2875384 37.8151348, -122.2865704 37.8149188)"
Poplar St between 21st St and W Grand Ave,2,[867 955],2,"LINESTRING (-122.2875384 37.8151348, -122.2871439 37.8162132)"
Mandela Pkwy between 20th St and W Grand Ave,5,[748 772 791 839 938],3,"LINESTRING (-122.2897401 37.8151958, -122.2892097 37.8166911)"
Wood St between 17th & 18th,14,[1260 1277 1309 1316 1336 1364 1392 1450 1500 1507 1514 1521 1618 1651],11,"LINESTRING (-122.29618851900463 37.81532936981294, -122.29564354837032 37.816008840268665)"
Sycamore between Northgate Ave and Telegraph Ave,5,[127 174 206 258 270],1,"LINESTRING (-122.27014775263923 37.815376366095826, -122.26819148896107 37.8150513146655)"
W Grand between Adeline St & Union St,5,[744 768 787 835 862],2,"LINESTRING (-122.28394789499532 37.81560765602561, -122.2861334 37.8161251)"
Sycamore between Northgate and MLK,9,[ 131  178  210  238  274  334 1375 1729 2109],5,"LINESTRING (-122.2719928 37.8156792, -122.2701533 37.8153793)"
Wood St between 18th & 20th,16,"[1261 1278 1310 1317 1335 1342 1347 1363 1391 1449 1499 1506 1513 1520
 1617 1652]",12,"LINESTRING (-122.29564045415724 37.81601372902449, -122.294575 37.8173623)"
W Grand between Union St & Poplar St,5,[745 769 788 836 863],2,"LINESTRING (-122.28711787729289 37.816330797441836, -122.2861334 37.8161251)"
MLK between Sycamore St & 26th St,6,[141 188 220 248 284 336],2,"LINESTRING (-122.2718161 37.8163754, -122.2719928 37.8156792)"
MLK between 26th St & 27th St,6,[142 189 221 249 285 335],2,"LINESTRING (-122.2718161 37.8163754, -122.2716608 37.8170158)"
W Grand Ave between Kirkham St & Poplar St,5,[ 746  770  789  837 1238],3,"LINESTRING (-122.2881122 37.8164393, -122.2871439 37.8162132)"
W Grand Ave between Mandela Pkwy & Kirkham St,5,[ 747  771  790  838 1239],3,"LINESTRING (-122.2881122 37.8164393, -122.2892097 37.8166911)"
Northgate Ave between Sycamore St & 27th St,6,[147 194 226 254 290 341],2,"LINESTRING (-122.2698476 37.8164669, -122.27014922897996 37.81537939267988)"
27th St between Northgate Ave and Telegraph Ave,5,[124 171 203 255 267],1,"LINESTRING (-122.2698476 37.8164669, -122.26789210634348 37.81610766481845)"
San Pablo Ave between Milton St & Mead Ave,1,[ 350 ],1,"LINESTRING (-122.27526535899511 37.8164130747662, -122.2755283162741 37.81719632829139)"
27th St between MLK Jr Way and Northgate Ave,6,[136 183 215 243 279 896],2,"LINESTRING (-122.2716608 37.8170158, -122.2698476 37.8164669)"
Union St between W. Grand and 24th St (2320 Union St),3,[1297 1319 1327],3,"LINESTRING (-122.28556312433973 37.8176731501632, -122.2861334 37.8161251)"
Wood St between 20th St and W Grand Ave,1,[ 1858 ],1,"LINESTRING (-122.294575 37.8173623, -122.2934637 37.8187247)"
Mandela Parkway between Peralta St & W Grand Ave,1,[ 1240 ],1,"LINESTRING (-122.2891109 37.8174446, -122.2892097 37.8166911)"
Market Street between 27th Street and Mead Avenue,1,[ 535 ],1,"LINESTRING (-122.2775625 37.8175481, -122.2781746 37.8158606)"
27th St between Market St and San Pablo ave,1,[ 539 ],1,"LINESTRING (-122.2775625 37.8175481, -122.2757331 37.8179004)"
Union St between W Grand Ave and 24th St,1,[ 1781 ],1,"LINESTRING (-122.2855734 37.8176776, -122.2861334 37.8161251)"
Poplar St between W Grand Ave and 24th St,1,[ 954 ],1,"LINESTRING (-122.2865367 37.8178975, -122.2871439 37.8162132)"
Poplar St between 24th St and 26th St,2,[ 953 1780],2,"LINESTRING (-122.2865367 37.8178975, -122.2859673 37.8194473)"
San Pablo St between 27th St and Mead Ave,1,[ 536 ],1,"LINESTRING (-122.2757331 37.8179004, -122.2752650978473 37.81641184234164)"
San Pablo Ave between 27th St and Milton St,1,[ 351 ],1,"LINESTRING (-122.2757331 37.8179004, -122.27553402908258 37.81719838106724)"
Harrison St between Stanley Pl and Pearl St,1,[ 2021 ],1,"LINESTRING (-122.25578975837963 37.81822010993946, -122.25546144213043 37.81854557148395, -122.25510317145414 37.81904812559705)"
Poplar St between 26th St and 28th St,1,[ 952 ],1,"LINESTRING (-122.2859673 37.8194473, -122.2854123 37.8209968)"
24th St between Willow St and Wood St,3,[1788 1802 1856],3,"LINESTRING (-122.2909945 37.8196179, -122.292254 37.82025429999999)"
Santa Clara between Harrison St and Kepmton Way,4,[2044 2058 2105 2134],4,"LINESTRING (-122.254134 37.8198333, -122.2553591 37.8209009)"
Wood St between 24th St and 26th St,12,[ 150  168  819 1246 1274 1723 1760 1790 1804 1855 1892 2025],11,"LINESTRING (-122.292254 37.82025429999999, -122.29110504157389 37.821686799239636)"
Wood Street between 24th St and Willow St,2,[2123 2182],2,"LINESTRING (-122.292254 37.8202543, -122.29343233980289 37.8187519568522)"
Market St between 30th St and 31st St,1,[ 1785 ],1,"LINESTRING (-122.27645393105988 37.82051021903981, -122.276219 37.8214605)"
26th St between Willow St and Wood St,3,[1244 1275 1801],3,"LINESTRING (-122.289876 37.8210239, -122.29111012298837 37.82167859538034)"
30th St between Market St and San Pablo St,1,[ 1786 ],1,"LINESTRING (-122.27633475499405 37.82098752274978, -122.27643739622124 37.820994988619105, -122.2765637199017 37.820960272154366)"
28th Street between Ettie and Mandela Parkway,3,[ 195  227 2112],2,"LINESTRING (-122.28742077350255 37.821455541990325, -122.28886936798827 37.82178724936305, -122.28910046671943 37.82182509507405, -122.28919910642178 37.82179392801934)"
Wood St between 26th St and 32nd St,5,[ 151  169  818 1789 1803],4,"LINESTRING (-122.29110526237349 37.82168627440344, -122.2903964800876 37.8225940303732, -122.29032934419774 37.82278382718186)"
34th St between Andover St & Elm St,1,[ 904 ],1,"LINESTRING (-122.264212 37.8219604, -122.2652219 37.822196)"
Webster St between 36th St and 34th St,2,[ 810 1830],2,"LINESTRING (-122.2619495 37.8220717, -122.26190060791261 37.82231468721164, -122.26208482923958 37.8234484140933, -122.2620364 37.8237873)"
34th St between Elm St & Telegraph Ave,1,[ 903 ],1,"LINESTRING (-122.2652219 37.822196, -122.26626992356833 37.82245586793161)"
Telegraph Ave between 34th St and 35th St.,1,[ 1488 ],1,"LINESTRING (-122.26627202619594 37.822459189724576, -122.26578781796097 37.824205013736446)"
33rd St between 34th St and Telegraph Ave,1,[ 905 ],1,"LINESTRING (-122.267816 37.822858, -122.26812407647057 37.822262551322105, -122.26811528209706 37.82208193369214, -122.26797324192653 37.822012348089345, -122.26648392581122 37.82167206896923)"
MLK between 34th St and 35th St,1,[ 1763 ],1,"LINESTRING (-122.2700306 37.8233854, -122.2698461 37.8241896)"
Webster St between 36th St and 37th St,11,[ 809 1808 1819 1829 1852 1860 1922 1955 1979 1985 2099],11,"LINESTRING (-122.2620364 37.8237873, -122.2618291 37.8245505)"
MLK between 35th St and 36th St,7,[1416 1748 1762 1861 1928 1983 2040],7,"LINESTRING (-122.2698461 37.8241896, -122.2696238 37.8250905)"
W MacArthur Blvd between Manila Ave & Broadway,1,[ 801 ],1,"LINESTRING (-122.258559 37.8244698, -122.259761 37.8248656)"
Webster St between 37th St and W MacArthur Blvd,10,[ 808 1807 1818 1831 1851 1859 1921 1954 1978 2161],10,"LINESTRING (-122.2618291 37.8245505, -122.2616579 37.825184)"
Beach St between 34th St and Shellmound St: 3400 Beach St/ 3502 Beach St (Fencing line),1,[ 1235 ],1,"LINESTRING (-122.28958124750919 37.824797754469735, -122.28934293451123 37.8239711771936)"
West between 35th and 36th St,9,[ 199  231 1253 1481 1541 1594 1764 2011 2041],8,"LINESTRING (-122.2723816 37.8248026, -122.2721637 37.8256541)"
W MacArthur Blvd between Shafter St & Manila Ave,1,[ 802 ],1,"LINESTRING (-122.259761 37.8248656, -122.2605708 37.82506679999999)"
W MacArthur Blvd between Webster St and Shafter St,1,[ 803 ],1,"LINESTRING (-122.2605708 37.82506679999999, -122.26163080249472 37.82531184899805)"
34th St between Chestnut St and San Pablo Ave,1,[ 395 ],1,"LINESTRING (-122.2793069 37.8252616, -122.27823653249577 37.8250153130665, -122.27821922574319 37.82504948902057, -122.27805769605246 37.8251132840925)"
Chestnut St between 35th St and 34th St,1,[ 394 ],1,"LINESTRING (-122.2793069 37.8252616, -122.2788429 37.8265258)"
W MacArthur Blvd between Ruby St and Webster St | W Macarthur Blvd between Ruby and Webster St,2,[ 804 2160],2,"LINESTRING (-122.2624964 37.8253801, -122.2616579 37.825184)"
34th St between Adeline St and Chestnut St,1,[ 396 ],1,"LINESTRING (-122.2804184 37.8255176, -122.2793069 37.8252616)"
Market between 35th and 36th,5,[1255 1377 1415 1608 1665],5,"LINESTRING (-122.2752257 37.8255586, -122.2750301 37.8263158)"
W MacArthur Blvd between Latimer Pl and Ruby St,1,[ 805 ],1,"LINESTRING (-122.2636064 37.8256352, -122.2624964 37.8253801)"
W MacArthur Blvd between Telegraph Ave and Latimer Pl,1,[ 806 ],1,"LINESTRING (-122.2636064 37.8256352, -122.26396954403191 37.825737324217684, -122.26520101359733 37.82632367674322)"
34th St between Peralta St and Fitzgerald St,3,[1585 1638 1951],3,"LINESTRING (-122.2830957 37.826119, -122.28232 37.8259526)"
MLK between W MacArthur Blvd and 37th St,1,[ 532 ],1,"LINESTRING (-122.2693181 37.8263044, -122.26905750555234 37.82725923935314)"
35th St between Chestnut St and San Pablo Ave,1,[ 397 ],1,"LINESTRING (-122.2788429 37.8265258, -122.27847187123096 37.826408900206935)"
Webster St between W MacArthur Blvd and 38th St,1,[ 807 ],1,"LINESTRING (-122.2613637 37.8266524, -122.2616579 37.825184)"
35th St between Adeline St and Chestnut St,1,[ 398 ],1,"LINESTRING (-122.2799356 37.8267777, -122.2788429 37.8265258)"
35th St between Magnolia and Adeline St,1,[ 2032 ],1,"LINESTRING (-122.2799356 37.8267777, -122.2810091 37.8270211)"
Magnolia St between 35th St and 36th St,1,[ 393 ],1,"LINESTRING (-122.2810091 37.8270211, -122.2808503 37.8274998)"
Peralta St between Harlan St and 35th St,1,[ 392 ],1,"LINESTRING (-122.2813947 37.82711, -122.2819893 37.8263661)"
Peralta St between 35th St and 36th St,1,[ 391 ],1,"LINESTRING (-122.2813947 37.82711, -122.2810494 37.8275529)"
Dover St between 44th and 45th,1,[ 2118 ],1,"LINESTRING (-122.26536027101001 37.8325035968766, -122.26539984878436 37.83246296015233, -122.26546317322331 37.831878417756734, -122.2654275532264 37.83181589957932)"
46th St between Dover and Shuttuck Ave,1,[ 541 ],1,"LINESTRING (-122.2651008 37.833966, -122.26503212828213 37.83392355308058, -122.2636504 37.8337081)"
Dover street between 46th St. and 47th St.,2,[1939 2031],2,"LINESTRING (-122.2651008 37.833966, -122.26498832518291 37.834512652730176, -122.26496263658069 37.83458704382317, -122.2649398022676 37.83460958656381)"
47th St between Dover and Shuttuck Ave,1,[ 540 ],1,"LINESTRING (-122.26494101338452 37.834609516496506, -122.26487986219578 37.83462536647816, -122.26373814654181 37.834447278677445)"
Lowell St between Aileen St & 57th St,1,[ 1108 ],1,"LINESTRING (-122.2767091 37.8414361, -122.2765618 37.8406814)"
Lowell St between 57th St & Arlinton Ave,1,[ 1107 ],1,"LINESTRING (-122.2767091 37.8414361, -122.2768274 37.8421238)"
Frog Park the pathway between Clifton and Cavour,4,[1480 1775 1990 2049],4,"LINESTRING (-122.25827360728816 37.84065068057733, -122.25807594518336 37.840933970960805, -122.25786081260402 37.84119653370089, -122.2578151784205 37.84147968854952, -122.2577760634061 37.84172680461998, -122.25752181581232 37.84227766454706)"
Arlington Ave between Grace Lowell St and Los Angeles St,1,[ 1112 ],1,"LINESTRING (-122.2768274 37.8421238, -122.2785971 37.84177469999999)"
Lowell St between Arlington Ave & Grace Ave,1,[ 1106 ],1,"LINESTRING (-122.2768274 37.8421238, -122.2769419 37.8428138)"
59th St between Herzog St and San Pablo Ave,1,[ 16 ],1,"LINESTRING (-122.2821195 37.84228, -122.28335169112005 37.84204023498822)"
Grace Ave between Lowell St and Los Angeles St,1,[ 1111 ],1,"LINESTRING (-122.2788278 37.8424373, -122.2769419 37.8428138)"
San Pablo Ave between 59th St & 60th St,1,[ 17 ],1,"LINESTRING (-122.283669 37.8425257, -122.2838363 37.84305070000001)"
Stanford Ave between Los Angeles and Lowell St,1,[ 1109 ],1,"LINESTRING (-122.27887392690734 37.842595170435516, -122.277038 37.8433695)"
Lowell St between Grace Ave & Stanford Ave,1,[ 1105 ],1,"LINESTRING (-122.2769419 37.8428138, -122.27703572497447 37.84336791987026)"
Stanford Ave between Lowell St and Market St,1,[ 1110 ],1,"LINESTRING (-122.27698257452587 37.84360075818042, -122.2752789 37.8444015)"
San Pablo Ave between 61st St and 62nd St,1,[ 543 ],1,"LINESTRING (-122.283984 37.843989, -122.2842352 37.8447555)"
San Pablo Ave between 61st St & 63rd St,1,[ 1040 ],1,"LINESTRING (-122.283984 37.843989, -122.28451885185115 37.84567308233203)"
61st Pl between Baker St & Lowell St,2,[1104 1215],2,"LINESTRING (-122.2789409 37.8446027, -122.2771603 37.8448221)"
Baker St between 61st Pl & 62nd St,1,[ 1036 ],1,"LINESTRING (-122.2789409 37.8446027, -122.2791667 37.8457274)"
San Pablo Ave between 62nd St and 63rd St,1,[ 542 ],1,"LINESTRING (-122.2842352 37.8447555, -122.28451112203383 37.84566087438033)"
Lowell St between Stanford Ave and 61st Pl,1,[ 1216 ],1,"LINESTRING (-122.27716378624595 37.84482505476725, -122.27697586298069 37.84360075818042)"
61st St between Bakers St & Lowell St,1,[ 1103 ],1,"LINESTRING (-122.2790234 37.8450401, -122.2772342 37.8452506)"
Hezrog St between 62nd St & 63rd St,1,[ 1038 ],1,"LINESTRING (-122.282701 37.8452912, -122.2829586 37.8462985)"
63rd St between Hezrog St & San Pablo Ave,1,[ 1039 ],1,"LINESTRING (-122.2829586 37.8462985, -122.28465740751925 37.8460718990192)"
Bigge Street between 98th Ave & Adams Ave,2,[1598 1993],1,"LINESTRING (-122.19387486437968 37.72951483271191, -122.19377051768713 37.72935727779761, -122.1902237 37.7277186)"
85th Ave between Railroad Ave and Edes Ave,1,[ 112 ],1,"LINESTRING (-122.1928476 37.7390188, -122.19081 37.74556)"
E St between 98th Ave and 100th Ave,1,[ 1153 ],1,"LINESTRING (-122.1753335 37.7396017, -122.17693533601583 37.74131278964298)"
Enterprise Way between Edes Ave and 85th Ave,1,[ 1181 ],1,"LINESTRING (-122.19196423356567 37.74185093990478, -122.19239688122238 37.74195473136942, -122.19272258226734 37.742154625632004, -122.19329134379358 37.74265435892671, -122.19413233305889 37.743392420390684, -122.1948615145028 37.74401515402638, -122.19495873869532 37.74406128223541, -122.1952255 37.7441248)"
San Leandro St between 92nd Ave & 98th Ave,3,[  76 1077 1102],1,"LINESTRING (-122.1847161 37.7433473, -122.1797471 37.739198)"
85th Avenue between Baldwin St and Enterprise Way,1,[ 2098 ],1,"LINESTRING (-122.1913028 37.744086, -122.1919697 37.7418989)"
Baldwin between Hegenberger and 85th Ave,1,[ 1014 ],1,"LINESTRING (-122.1913028 37.744086, -122.19607593660402 37.748293880949575)"
Foothill between 106th Ave and 108th Ave,2,[  99 1268],2,"LINESTRING (-122.149494 37.7446207, -122.1472784 37.743237)"
Foothill Blvd between MacArthur and Frazier Ave,1,[ 96 ],1,"LINESTRING (-122.15278 37.74512, -122.15502171543409 37.745185476649205)"
Foothill Blvd between Frazier Ave and Talbot Ave,1,[ 97 ],1,"LINESTRING (-122.15276656546571 37.74513011961058, -122.1501876 37.7450458)"
San Leandro St between 85th Ave and 92nd Ave,3,[1460 1542 1973],1,"LINESTRING (-122.1891113 37.7470322, -122.1847161 37.7433473)"
San Leandro St between 81st Ave and 85th Ave: 8451 San Leandro St (Pick-n-Pull) | San Leandro St between 81st Ave and 85th Ave: 8451 San Leandro Street (Pick-n-Pull),4,[1305 1419 1543 2080],1,"LINESTRING (-122.1923831 37.7497641, -122.18912281895756 37.74704993407147)"
77th Ave between Rudsdale St and Hamilton St,1,[ 2139 ],1,"LINESTRING (-122.1886736 37.7547976, -122.1868985 37.7559413)"
San Leandro Street between Seminary & 66th Avenue,3,[1012 2050 2054],1,"LINESTRING (-122.2007795 37.7568157, -122.2055739 37.760882)"
81st Ave between International Blvd & Holly St,1,[ 1134 ],1,"LINESTRING (-122.178013 37.7573975, -122.1806982 37.7560947)"
71st Ave Between Oral St and International Blvd (1430 71st Ave),1,[ 1306 ],1,"LINESTRING (-122.18911 37.76016, -122.18595 37.76219)"
San Leandro St between 54th Ave & Seminary Ave,1,[ 817 ],1,"LINESTRING (-122.2096529 37.7643037, -122.2055739 37.760882)"
50th Ave between International Blvd & E 12th St,3,[436 464 491],1,"LINESTRING (-122.2106631 37.7676667, -122.20877807755598 37.76931828293296)"
Church St between Foohill Blvd and Bancroft Ave,1,[ 38 ],1,"LINESTRING (-122.1795993 37.7680617, -122.17761674542601 37.76934003758149, -122.17752219520884 37.76945214798796, -122.1774401 37.7698448)"
68th Ave between Foothill Blvd and Bancroft Ave,4,[ 120  911 1196 1210],4,"LINESTRING (-122.1801748 37.7686245, -122.17877688343911 37.76951643784215, -122.17855897232938 37.76972150254579, -122.1784863352928 37.76996757943952)"
49th Ave between International Blvd and San Leandro St,3,[434 462 489],1,"LINESTRING (-122.20941877523771 37.769692707807906, -122.21136115551965 37.768258453363536, -122.21149667042303 37.76837152837549, -122.21230975984336 37.767693075710284, -122.2124528033525 37.7674014581113, -122.21293756817619 37.767054926090246)"
47th St between International Blvd and San Leandro St,1,[ 478 ],1,"LINESTRING (-122.2111374 37.7705346, -122.2142213 37.7682105)"
Trask St between Foothill Blvd and Bancroft Ave,2,[889 994],2,"LINESTRING (-122.1942772 37.7712582, -122.1959321 37.7726081)"
Bancroft between Cole St and Trask St,1,[ 885 ],1,"LINESTRING (-122.1985941 37.7717701, -122.1981044580466 37.771740244734495, -122.1942772 37.7712582)"
64th Ave between Camden St and MacArthur Blvd,1,[ 2155 ],1,"LINESTRING (-122.182042 37.7724113, -122.17979029610744 37.773827729699114, -122.1797356 37.7739401)"
MacArthur Blvd between 66th Ave and 68th Ave,1,[ 2152 ],1,"LINESTRING (-122.177978 37.7725965, -122.17774986462214 37.772403598888765, -122.17686570731632 37.771437236864635, -122.1764229 37.7712242)"
62nd Ave between Foothill Blvd and Brann St,1,[ 2145 ],1,"LINESTRING (-122.1845379 37.7727474, -122.1855673005033 37.771851392206685, -122.1867127 37.7710647)"
41st Ave between International blvd and San Leandro St,3,[460 488 515],1,"LINESTRING (-122.217238 37.7734256, -122.2187894 37.7714139)"
Kennedy St between E7th St and 23rd Ave: 401 Kennedy St,3,[1349 1399 1407],3,"LINESTRING (-122.2359995043381 37.773759436007616, -122.23673940088962 37.77371611446916, -122.23703714299305 37.77381472080007, -122.23721896346932 37.774062686066046, -122.2374216 37.7754256)"
Brann St between Camden St and 67th Ave,1,[ 2149 ],1,"LINESTRING (-122.17959927854376 37.770111212690516, -122.17945774189886 37.77078249640773, -122.1816964 37.7711153)"
E 12th St between 26th Ave & 29th Ave,3,[604 653 697],1,"LINESTRING (-122.2336372 37.7803386, -122.23192204875726 37.77899927937509, -122.2302807 37.7780658)"
36th Ave between Foothill Blvd and Harper St,2,[  26 1331],2,"LINESTRING (-122.218682 37.780847, -122.21593676021874 37.78271656879252)"
Foothill Blvd between Crosby Ave and Harrington Ave,1,[ 27 ],1,"LINESTRING (-122.2189086 37.7815455, -122.21869106042035 37.7807573223065, -122.2176488 37.7798958)"
Crosby Ave between Foothill Blvd and Harper St,1,[ 29 ],1,"LINESTRING (-122.2189086 37.7815455, -122.2166837 37.7832022)"
Foothill Blvd between E 15th St and 23rd Ave,1,[ 2172 ],1,"LINESTRING (-122.2341056 37.7851775, -122.23645763376136 37.7863150395174, -122.2436622 37.7906559)"
Foothill Blvd between 22nd Ave and 23rd Ave,2,[1456 2171],2,"LINESTRING (-122.2363193 37.7862534, -122.23547058544914 37.78575097209466, -122.2341056 37.7851775)"
E 17th St between 22nd Ave and 23rd Ave,2,[1457 2175],2,"LINESTRING (-122.2355317 37.7870834, -122.2333334 37.7857668)"
E 8th St between 12th Ave and E 12th St | E. 8th between 12th Ave to E. 12th st,5,[ 564  623  672  716 1631],2,"LINESTRING (-122.2498321 37.7893464, -122.24766298406603 37.788414776107054, -122.24731130758256 37.788332267814724)"
15th Ave (Median) between Foothill Blvd and E. 19th Street  (1740 15th Ave),2,[1243 1249],2,"LINESTRING (-122.2422640679724 37.7921670114941, -122.2438031569986 37.79101908324872)"
7th St & E 8th St between Fallon St & 6th Ave,4,[ 848 1051 1065 1070],1,"LINESTRING (-122.25681963028023 37.79229478301422, -122.2576151356152 37.79265224302499, -122.25869140753899 37.792800157006326, -122.26079715695514 37.793428788022716, -122.26201381217328 37.79415602137032, -122.26340204697355 37.795142088915526, -122.26458750590413 37.79580767706844)"
5th Ave between Embarcadero & E 8th St,4,[ 119 1052 1066 1068],1,"LINESTRING (-122.2580012 37.79280809999999, -122.25880252100585 37.79221566861621, -122.25974160753798 37.791106415730326, -122.26004412736948 37.79021212512408)"
Fallon St between Oak St and Fallon St,1,[ 88 ],1,"LINESTRING (-122.26708106161905 37.7920499595721, -122.2681938 37.7923536)"
Fallon St between Victory Ct and Fallon St,1,[ 86 ],1,"LINESTRING (-122.26704979040905 37.79204845777563, -122.2666565 37.7927375)"
E 10th St between 2nd Ave & 4th Ave,1,[ 854 ],1,"LINESTRING (-122.259181 37.7959428, -122.2575246 37.7944797)"
Embarcadero West between Clay St and Franklin St,2,[312 360],1,"LINESTRING (-122.2791813 37.7963811, -122.275534 37.7949513)"
10th St between Fallon St & East Dr,1,[ 856 ],1,"LINESTRING (-122.2610086 37.7968996, -122.2634207 37.7978455)"
Lakeshore Ave between Hanover and E18th St,1,[ 1030 ],1,"LINESTRING (-122.2543363 37.8005807, -122.25437334006236 37.801548552356046, -122.2542659608134 37.80214898772435, -122.2539788 37.802527)"
City Lot - 11th St between Clay & Broadway,1,[ 2082 ],1,"LINESTRING (-122.2724389 37.802253, -122.2749121 37.8032202)"
Lakeshore Ave between Wayne Ave & Hanover,1,[ 1031 ],1,"LINESTRING (-122.2539788 37.802527, -122.25377313415085 37.80278884158532, -122.25331169325618 37.803728066791784, -122.2528402210377 37.80403321333884, -122.25121013092064 37.80430269235802)"
Peralta St between 3rd St and 7th St,1,[ 925 ],1,"LINESTRING (-122.3001363 37.8036056, -122.2982615 37.8059656)"
5th St. between Mandela Pkwy & Union,3,[ 266  302 2078],2,"LINESTRING (-122.294107 37.8038374, -122.29266374295979 37.80348757965061, -122.29234200348512 37.80343673722214, -122.29171282406803 37.80352712373744, -122.29125523903741 37.803549720348975, -122.2910783 37.8035108)"
Mandela Pkwy between 8th St and Dr Huey P. Newton Wy,1,[ 949 ],1,"LINESTRING (-122.29328812901245 37.80604238770265, -122.29309907207907 37.80693861464033)"
Lakeshore Ave between Boden Ave & Brooklyn Ave,1,[ 1033 ],1,"LINESTRING (-122.2495873 37.8075583, -122.2505528 37.8052251)"
Mandela Pkwy between Dr Huey P. Newton Wy and 10th St,1,[ 948 ],1,"LINESTRING (-122.29274613687916 37.807892249452095, -122.29310086717514 37.80693134501559)"
MLK between San Pablo Ave & W Grand Ave,16,"[   6   11   24   44 1046 1192 1204 1357 1437 1576 1713 1743 1838 1901
 2036 2087]",12,"LINESTRING (-122.2733567 37.8105255, -122.27326563126856 37.81090485258965, -122.2730696798071 37.81093925461909, -122.27291727311484 37.811739097284956, -122.27296973461189 37.81180345140385, -122.27290589415372 37.81193695780235, -122.27292091543798 37.81203782914334, -122.27279698984277 37.81248581490437)"
San Pablo Ave between W Grand Ave & MLK,22,"[   1   18   19   39  132  179  211  239  275 1047 1193 1205 1358 1438
 1577 1606 1712 1742 1837 1900 2034 2088]",14,"LINESTRING (-122.2733567 37.8105255, -122.2741078 37.8128484)"
14th St between Mandela Pkwy and Poplar St,4,[741 765 784 832],2,"LINESTRING (-122.2917622 37.8108657, -122.2892673 37.8103323)"
W Grand Ave between Northgate Ave and Telegraph Ave,7,[ 130  177  209  237  273  893 1000],3,"LINESTRING (-122.27135729196499 37.8123725502194, -122.2689962 37.8119546)"
18th St between Poplar St and Adeline St,2,[874 950],2,"LINESTRING (-122.2851836 37.8123801, -122.28602663310005 37.81275471290339, -122.2882144 37.8132527)"
Poplar St between 18th St and 20th St,2,[869 957],2,"LINESTRING (-122.2882144 37.8132527, -122.28769665039546 37.81461779078285)"
23rd St between MLK to Northgate,21,"[ 135  182  214  242  278  346  399  413  421  595  894 1004 1187 1199
 1352 1432 1524 1624 1711 1836 1899]",13,"LINESTRING (-122.27259029237707 37.813261427865136, -122.27103382083868 37.81298600113944)"
W. Grand Between West St and Isabella St | W Grand Ave between Isabella St and West St,4,[1157 1470 1484 1571],4,"LINESTRING (-122.27808258473384 37.814201015669134, -122.275913 37.8133732)"
21st St between Adeline St & Union St,1,[ 858 ],1,"LINESTRING (-122.2843658 37.81441909999999, -122.2865704 37.8149188)"
18th St between Campbell St and Wood St,11,[1308 1334 1340 1345 1361 1498 1505 1512 1519 1616 1655],7,"LINESTRING (-122.2930937 37.8147282, -122.2956661 37.8160204)"
West St between West Grand Ave and San Pablo Ave,6,[1159 1468 1482 1569 1674 1738],6,"LINESTRING (-122.27476612143067 37.81494981247867, -122.27498183526572 37.81489559018359, -122.2750700818346 37.814717430933605, -122.275913 37.8133732)"
W Grand between Linden St & Adeline St,1,[ 861 ],1,"LINESTRING (-122.2840492 37.8155365, -122.2818505 37.815015)"
Mead Avenue between Market Street and San Pablo Avenue,1,[ 537 ],1,"LINESTRING (-122.27815253624932 37.81595541557691, -122.27802121642652 37.815889895169754, -122.2751364 37.8164683)"
20th St between Wood St and Campbell St,9,[1338 1343 1359 1496 1503 1510 1517 1614 1653],5,"LINESTRING (-122.2920219 37.8160751, -122.294575 37.8173623)"
Northgate between Sycamore St & 27th St,1,[ 824 ],1,"LINESTRING (-122.26978502485953 37.81669126473534, -122.2701533 37.8153793)"
Milton St between Market St and San Pablo Ave,2,[352 538],2,"LINESTRING (-122.2778545949879 37.8167651372113, -122.2776736828577 37.816773446290796, -122.2755910897307 37.81719056087981, -122.2753652 37.8171819)"
29th St. between MLK and Telegraph,16,"[ 596 1101 1178 1290 1329 1379 1431 1495 1581 1622 1726 1756 1850 1933
 1963 2187]",16,"LINESTRING (-122.27114014505703 37.81912713683847, -122.2673989 37.8182783)"
30th St. between MLK and Telegraph,14,[1100 1137 1179 1252 1378 1429 1494 1551 1625 1934 1964 2037 2077 2188],14,"LINESTRING (-122.270985 37.8196584, -122.2671784 37.8190595)"
Wood St between W Grand Ave and 24th St,14,[ 149  167  820 1247 1273 1724 1759 1791 1805 1854 1893 2024 2122 2181],13,"LINESTRING (-122.292254 37.82025429999999, -122.2934637 37.8187247)"
Poplar St between 28th St and 30th St,1,[ 951 ],1,"LINESTRING (-122.2854123 37.8209968, -122.28500327585097 37.82215185870464, -122.28485218504628 37.82235779454151, -122.2847329 37.822736)"
28th St between Ettie St & Hannah St,2,[196 228],1,"LINESTRING (-122.28735 37.8214383, -122.28609873888742 37.82113990261916)"
Telegraph Ave between 34th St and 36th St.,6,[ 198  230 1390 1730 1767 2179],5,"LINESTRING (-122.2662655 37.8224943, -122.2657079 37.82460469999999)"
Wood St between 32nd St and 34th St,2,[152 170],1,"LINESTRING (-122.29011951434654 37.822829411962125, -122.2907179 37.8245801)"
34th St between MLK & Telegraph Ave (Overpass),2,[ 902 1013],2,"LINESTRING (-122.2700306 37.8233854, -122.2662655 37.8224943)"
33rd street between Market and West,1,[ 1943 ],1,"LINESTRING (-122.2756239 37.8239731, -122.2727604 37.82329319999999)"
Beach St/Wood St between 34th St and Halleck St,2,[148 166],1,"LINESTRING (-122.2907179 37.8245801, -122.29109483166592 37.8257756116966, -122.29116452843178 37.826388062944126, -122.29096598872066 37.82704463551593, -122.29097069227532 37.8274072434615, -122.29087285877627 37.828514827584925, -122.29074539249851 37.82874135549288, -122.29056056639574 37.82886217009278, -122.28983400861256 37.82910379869916, -122.2898782 37.8292548)"
36th St between Telegraph St and Webster St,1,[ 811 ],1,"LINESTRING (-122.2657079 37.82460469999999, -122.2620364 37.8237873)"
35th St between West St and Market St,1,[ 1254 ],1,"LINESTRING (-122.2752257 37.8255586, -122.27494715135855 37.82542219048065, -122.2723816 37.8248026)"
37th St between MLK and West St,1,[ 533 ],1,"LINESTRING (-122.2693181 37.8263044, -122.2719075 37.8267092)"
W MacArthur Blvd between Dover St & MLK | W. MacArthur between MLK and Dover St,2,[1096 1272],2,"LINESTRING (-122.2667788 37.826879, -122.2690752 37.8272468)"
Clarke St between 40th and 38th,1,[ 1288 ],1,"LINESTRING (-122.2637714 37.8269109, -122.2632338 37.8289016)"
42nd between MLK & Telegraph,17,"[ 382 1017 1027 1029 1056 1217 1234 1328 1376 1430 1491 1539 1546 1593
 1657 1731 1849]",15,"LINESTRING (-122.26802 37.83148, -122.264 37.83087)"
45th St between Telegraph Ave and Webster St,1,[ 1550 ],1,"LINESTRING (-122.2634074 37.8330838, -122.2601038 37.8333418)"
45th between Telegraph & MLK,5,[1057 1337 1374 1658 1727],5,"LINESTRING (-122.2674828 37.8335916, -122.26363083156009 37.83297457964159, -122.2634074 37.8330838)"
60th St between Idaho St & Lowell St,1,[ 1214 ],1,"LINESTRING (-122.280581 37.8434822, -122.2770091 37.8439599)"
61st St between San Pablo Ave & Baker St,1,[ 1041 ],1,"LINESTRING (-122.27892450700965 37.84458894550953, -122.283984 37.843989)"
Miles Ave between Presley Way and College Ave,1,[ 2065 ],1,"LINESTRING (-122.2518561 37.8450868, -122.2513848800789 37.84512141552398, -122.24840822135762 37.846315777430746, -122.24808446139929 37.84649130502631, -122.2475021 37.8469075)"
62nd St between Herzog St & Baker St,1,[ 1037 ],1,"LINESTRING (-122.2791667 37.8457274, -122.28269091417607 37.84526077535448)"
